name,graphName,type,version,totalNodes,totalEdges,communitySize,intra-degree,inter-degree,intra-degree_denseRank,intra-degree_reverseDenseRank,intra-degree_percentRank,intra-degree_averageRank,intra-degree_reverseAverageRank,inter-degree_denseRank,inter-degree_reverseDenseRank,inter-degree_percentRank,inter-degree_averageRank,inter-degree_reverseAverageRank,degree,betweenness,closeness,pageRank,transitivity,triangleCount,knn,eccentricity,degree_denseRank,degree_reverseDenseRank,degree_percentRank,degree_averageRank,degree_reverseAverageRank,betweenness_denseRank,betweenness_reverseDenseRank,betweenness_percentRank,betweenness_averageRank,betweenness_reverseAverageRank,closeness_denseRank,closeness_reverseDenseRank,closeness_percentRank,closeness_averageRank,closeness_reverseAverageRank,pageRank_denseRank,pageRank_reverseDenseRank,pageRank_percentRank,pageRank_averageRank,pageRank_reverseAverageRank,transitivity_denseRank,transitivity_reverseDenseRank,transitivity_percentRank,transitivity_averageRank,transitivity_reverseAverageRank,triangleCount_denseRank,triangleCount_reverseDenseRank,triangleCount_percentRank,triangleCount_averageRank,triangleCount_reverseAverageRank,knn_denseRank,knn_reverseDenseRank,knn_percentRank,knn_averageRank,knn_reverseAverageRank,eccentricity_denseRank,eccentricity_reverseDenseRank,eccentricity_percentRank,eccentricity_averageRank,eccentricity_reverseAverageRank,tau,sentinel,sentinelVar
0,art15,artificial,,97,114,7,0,6,1,3,0,40,58,4,2,0.94,91,7,6,3840,0.00309,0.021,0,0,3,4,5,2,0.94,91,7,8,1,1,97,1,8,1,1,97,1,7,2,0.94,91,7,1,1,0,49,49,1,1,0,49,49,3,5,0.19,19,79,1,5,0,1,97,0.5,7.29666,213.48021
0,art15,artificial,,97,114,7,0,6,1,3,0,40,58,4,2,0.94,91,7,6,3840,0.00309,0.021,0,0,3,4,5,2,0.94,91,7,8,1,1,97,1,8,1,1,97,1,7,2,0.94,91,7,1,1,0,49,49,1,1,0,49,49,3,5,0.19,19,79,1,5,0,1,97,1,7.93067,449.64565
0,art15,artificial,,97,114,7,0,6,1,3,0,40,58,4,2,0.94,91,7,6,3840,0.00309,0.021,0,0,3,4,5,2,0.94,91,7,8,1,1,97,1,8,1,1,97,1,7,2,0.94,91,7,1,1,0,49,49,1,1,0,49,49,3,5,0.19,19,79,1,5,0,1,97,5,2.94665,222.26983
1,art15,artificial,,97,114,7,2,1,3,1,0.95,94.5,3.5,1,5,0,27.5,70.5,3,1269,0.00257,0.0114,0,0,3.7,5,3,4,0.69,72.5,25.5,7,2,0.94,93.5,4.5,7,2,0.94,93.5,4.5,5,4,0.75,75.5,22.5,1,1,0,49,49,1,1,0,49,49,4,4,0.2,25.5,72.5,2,4,0.01,4.5,93.5,0.5,14.48804,496.02334
1,art15,artificial,,97,114,7,2,1,3,1,0.95,94.5,3.5,1,5,0,27.5,70.5,3,1269,0.00257,0.0114,0,0,3.7,5,3,4,0.69,72.5,25.5,7,2,0.94,93.5,4.5,7,2,0.94,93.5,4.5,5,4,0.75,75.5,22.5,1,1,0,49,49,1,1,0,49,49,4,4,0.2,25.5,72.5,2,4,0.01,4.5,93.5,1,14.84544,754.47906
1,art15,artificial,,97,114,7,2,1,3,1,0.95,94.5,3.5,1,5,0,27.5,70.5,3,1269,0.00257,0.0114,0,0,3.7,5,3,4,0.69,72.5,25.5,7,2,0.94,93.5,4.5,7,2,0.94,93.5,4.5,5,4,0.75,75.5,22.5,1,1,0,49,49,1,1,0,49,49,4,4,0.2,25.5,72.5,2,4,0.01,4.5,93.5,5,4.71849,229.36226
1001,art15,artificial,,97,114,6,1,2,2,2,0.82,85.5,12.5,2,4,0.56,66.5,31.5,3,455.2,0.00211,0.0109,0,0,3.7,6,3,4,0.69,72.5,25.5,4,5,0.75,75.5,22.5,5,4,0.81,81.5,16.5,4,5,0.69,69.5,28.5,1,1,0,49,49,1,1,0,49,49,4,4,0.2,25.5,72.5,3,3,0.07,13.5,84.5,0.5,14.16534,564.5264
1001,art15,artificial,,97,114,6,1,2,2,2,0.82,85.5,12.5,2,4,0.56,66.5,31.5,3,455.2,0.00211,0.0109,0,0,3.7,6,3,4,0.69,72.5,25.5,4,5,0.75,75.5,22.5,5,4,0.81,81.5,16.5,4,5,0.69,69.5,28.5,1,1,0,49,49,1,1,0,49,49,4,4,0.2,25.5,72.5,3,3,0.07,13.5,84.5,1,13.86423,520.81195
1001,art15,artificial,,97,114,6,1,2,2,2,0.82,85.5,12.5,2,4,0.56,66.5,31.5,3,455.2,0.00211,0.0109,0,0,3.7,6,3,4,0.69,72.5,25.5,4,5,0.75,75.5,22.5,5,4,0.81,81.5,16.5,4,5,0.69,69.5,28.5,1,1,0,49,49,1,1,0,49,49,4,4,0.2,25.5,72.5,3,3,0.07,13.5,84.5,5,5.21355,169.99076
1002,art15,artificial,,97,114,6,0,2,1,3,0,40,58,2,4,0.56,66.5,31.5,2,0.2,0.00152,0.00768,0,0,4,8,2,5,0.44,54.5,43.5,2,7,0.44,51.5,46.5,1,8,0,9.5,88.5,2,7,0.44,51.5,46.5,1,1,0,49,49,1,1,0,49,49,5,3,0.32,40.5,57.5,5,1,0.39,67.5,30.5,0.5,13.20244,442.43739
1002,art15,artificial,,97,114,6,0,2,1,3,0,40,58,2,4,0.56,66.5,31.5,2,0.2,0.00152,0.00768,0,0,4,8,2,5,0.44,54.5,43.5,2,7,0.44,51.5,46.5,1,8,0,9.5,88.5,2,7,0.44,51.5,46.5,1,1,0,49,49,1,1,0,49,49,5,3,0.32,40.5,57.5,5,1,0.39,67.5,30.5,1,16.31846,607.2628
1002,art15,artificial,,97,114,6,0,2,1,3,0,40,58,2,4,0.56,66.5,31.5,2,0.2,0.00152,0.00768,0,0,4,8,2,5,0.44,54.5,43.5,2,7,0.44,51.5,46.5,1,8,0,9.5,88.5,2,7,0.44,51.5,46.5,1,1,0,49,49,1,1,0,49,49,5,3,0.32,40.5,57.5,5,1,0.39,67.5,30.5,5,7.38478,285.95651
1003,art15,artificial,,97,114,6,0,2,1,3,0,40,58,2,4,0.56,66.5,31.5,2,0.2,0.00152,0.00768,0,0,4,8,2,5,0.44,54.5,43.5,2,7,0.44,51.5,46.5,1,8,0,9.5,88.5,2,7,0.44,51.5,46.5,1,1,0,49,49,1,1,0,49,49,5,3,0.32,40.5,57.5,5,1,0.39,67.5,30.5,0.5,14.11969,476.24223
1003,art15,artificial,,97,114,6,0,2,1,3,0,40,58,2,4,0.56,66.5,31.5,2,0.2,0.00152,0.00768,0,0,4,8,2,5,0.44,54.5,43.5,2,7,0.44,51.5,46.5,1,8,0,9.5,88.5,2,7,0.44,51.5,46.5,1,1,0,49,49,1,1,0,49,49,5,3,0.32,40.5,57.5,5,1,0.39,67.5,30.5,1,14.23281,472.89421
1003,art15,artificial,,97,114,6,0,2,1,3,0,40,58,2,4,0.56,66.5,31.5,2,0.2,0.00152,0.00768,0,0,4,8,2,5,0.44,54.5,43.5,2,7,0.44,51.5,46.5,1,8,0,9.5,88.5,2,7,0.44,51.5,46.5,1,1,0,49,49,1,1,0,49,49,5,3,0.32,40.5,57.5,5,1,0.39,67.5,30.5,5,6.66105,213.82125
1004,art15,artificial,,97,114,6,0,2,1,3,0,40,58,2,4,0.56,66.5,31.5,2,0.2,0.00152,0.00768,0,0,4,8,2,5,0.44,54.5,43.5,2,7,0.44,51.5,46.5,1,8,0,9.5,88.5,2,7,0.44,51.5,46.5,1,1,0,49,49,1,1,0,49,49,5,3,0.32,40.5,57.5,5,1,0.39,67.5,30.5,0.5,16.43975,777.24714
1004,art15,artificial,,97,114,6,0,2,1,3,0,40,58,2,4,0.56,66.5,31.5,2,0.2,0.00152,0.00768,0,0,4,8,2,5,0.44,54.5,43.5,2,7,0.44,51.5,46.5,1,8,0,9.5,88.5,2,7,0.44,51.5,46.5,1,1,0,49,49,1,1,0,49,49,5,3,0.32,40.5,57.5,5,1,0.39,67.5,30.5,1,14.84307,867.08008
1004,art15,artificial,,97,114,6,0,2,1,3,0,40,58,2,4,0.56,66.5,31.5,2,0.2,0.00152,0.00768,0,0,4,8,2,5,0.44,54.5,43.5,2,7,0.44,51.5,46.5,1,8,0,9.5,88.5,2,7,0.44,51.5,46.5,1,1,0,49,49,1,1,0,49,49,5,3,0.32,40.5,57.5,5,1,0.39,67.5,30.5,5,7.9264,321.73854
1005,art15,artificial,,97,114,6,0,4,1,3,0,40,58,3,3,0.81,84.5,13.5,4,139.5,0.00178,0.0144,0,0,2.2,7,4,3,0.81,84.5,13.5,3,6,0.62,66.5,31.5,3,6,0.62,66.5,31.5,6,3,0.81,84.5,13.5,1,1,0,49,49,1,1,0,49,49,2,6,0.06,12.5,85.5,4,2,0.2,28.5,69.5,0.5,33.67986,2132.34802
1005,art15,artificial,,97,114,6,0,4,1,3,0,40,58,3,3,0.81,84.5,13.5,4,139.5,0.00178,0.0144,0,0,2.2,7,4,3,0.81,84.5,13.5,3,6,0.62,66.5,31.5,3,6,0.62,66.5,31.5,6,3,0.81,84.5,13.5,1,1,0,49,49,1,1,0,49,49,2,6,0.06,12.5,85.5,4,2,0.2,28.5,69.5,1,36.51014,2263.62615
1005,art15,artificial,,97,114,6,0,4,1,3,0,40,58,3,3,0.81,84.5,13.5,4,139.5,0.00178,0.0144,0,0,2.2,7,4,3,0.81,84.5,13.5,3,6,0.62,66.5,31.5,3,6,0.62,66.5,31.5,6,3,0.81,84.5,13.5,1,1,0,49,49,1,1,0,49,49,2,6,0.06,12.5,85.5,4,2,0.2,28.5,69.5,5,15.43591,1349.3204
1006,art15,artificial,,97,114,6,0,4,1,3,0,40,58,3,3,0.81,84.5,13.5,4,139.5,0.00178,0.0144,0,0,2.2,7,4,3,0.81,84.5,13.5,3,6,0.62,66.5,31.5,3,6,0.62,66.5,31.5,6,3,0.81,84.5,13.5,1,1,0,49,49,1,1,0,49,49,2,6,0.06,12.5,85.5,4,2,0.2,28.5,69.5,0.5,34.13331,2145.36024
1006,art15,artificial,,97,114,6,0,4,1,3,0,40,58,3,3,0.81,84.5,13.5,4,139.5,0.00178,0.0144,0,0,2.2,7,4,3,0.81,84.5,13.5,3,6,0.62,66.5,31.5,3,6,0.62,66.5,31.5,6,3,0.81,84.5,13.5,1,1,0,49,49,1,1,0,49,49,2,6,0.06,12.5,85.5,4,2,0.2,28.5,69.5,1,36.41885,2326.6723
1006,art15,artificial,,97,114,6,0,4,1,3,0,40,58,3,3,0.81,84.5,13.5,4,139.5,0.00178,0.0144,0,0,2.2,7,4,3,0.81,84.5,13.5,3,6,0.62,66.5,31.5,3,6,0.62,66.5,31.5,6,3,0.81,84.5,13.5,1,1,0,49,49,1,1,0,49,49,2,6,0.06,12.5,85.5,4,2,0.2,28.5,69.5,5,16.21629,1450.87263
101,art15,artificial,,97,114,9,0,8,1,3,0,40,58,5,1,0.95,94.5,3.5,8,644,0.00182,0.0396,0,0,1.1,7,6,1,0.95,94.5,3.5,5,4,0.81,81.5,16.5,4,5,0.75,75.5,22.5,8,1,0.95,94.5,3.5,1,1,0,49,49,1,1,0,49,49,1,7,0,3.5,94.5,4,2,0.2,28.5,69.5,0.5,8.29703,263.3796
101,art15,artificial,,97,114,9,0,8,1,3,0,40,58,5,1,0.95,94.5,3.5,8,644,0.00182,0.0396,0,0,1.1,7,6,1,0.95,94.5,3.5,5,4,0.81,81.5,16.5,4,5,0.75,75.5,22.5,8,1,0.95,94.5,3.5,1,1,0,49,49,1,1,0,49,49,1,7,0,3.5,94.5,4,2,0.2,28.5,69.5,1,8.43716,293.17754
101,art15,artificial,,97,114,9,0,8,1,3,0,40,58,5,1,0.95,94.5,3.5,8,644,0.00182,0.0396,0,0,1.1,7,6,1,0.95,94.5,3.5,5,4,0.81,81.5,16.5,4,5,0.75,75.5,22.5,8,1,0.95,94.5,3.5,1,1,0,49,49,1,1,0,49,49,1,7,0,3.5,94.5,4,2,0.2,28.5,69.5,5,5.83974,340.97649
102,art15,artificial,,97,114,9,1,1,2,2,0.82,85.5,12.5,1,5,0,27.5,70.5,2,704,0.00214,0.009,0,0,5.5,6,2,5,0.44,54.5,43.5,6,3,0.88,87.5,10.5,6,3,0.88,87.5,10.5,3,6,0.62,63.5,34.5,1,1,0,49,49,1,1,0,49,49,6,2,0.51,52.5,45.5,3,3,0.07,13.5,84.5,0.5,9.40548,304.17759
102,art15,artificial,,97,114,9,1,1,2,2,0.82,85.5,12.5,1,5,0,27.5,70.5,2,704,0.00214,0.009,0,0,5.5,6,2,5,0.44,54.5,43.5,6,3,0.88,87.5,10.5,6,3,0.88,87.5,10.5,3,6,0.62,63.5,34.5,1,1,0,49,49,1,1,0,49,49,6,2,0.51,52.5,45.5,3,3,0.07,13.5,84.5,1,10.03852,484.28877
102,art15,artificial,,97,114,9,1,1,2,2,0.82,85.5,12.5,1,5,0,27.5,70.5,2,704,0.00214,0.009,0,0,5.5,6,2,5,0.44,54.5,43.5,6,3,0.88,87.5,10.5,6,3,0.88,87.5,10.5,3,6,0.62,63.5,34.5,1,1,0,49,49,1,1,0,49,49,6,2,0.51,52.5,45.5,3,3,0.07,13.5,84.5,5,5.6387,301.08674
103,art15,artificial,,97,114,9,0,1,1,3,0,40,58,1,5,0,27.5,70.5,1,0,0.00155,0.00576,0,0,8,8,1,6,0,21.5,76.5,1,8,0,21.5,76.5,2,7,0.19,39.5,58.5,1,8,0,21.5,76.5,1,1,0,49,49,1,1,0,49,49,7,1,0.57,76.5,21.5,5,1,0.39,67.5,30.5,0.5,17.43818,661.8667
103,art15,artificial,,97,114,9,0,1,1,3,0,40,58,1,5,0,27.5,70.5,1,0,0.00155,0.00576,0,0,8,8,1,6,0,21.5,76.5,1,8,0,21.5,76.5,2,7,0.19,39.5,58.5,1,8,0,21.5,76.5,1,1,0,49,49,1,1,0,49,49,7,1,0.57,76.5,21.5,5,1,0.39,67.5,30.5,1,17.14693,654.67432
103,art15,artificial,,97,114,9,0,1,1,3,0,40,58,1,5,0,27.5,70.5,1,0,0.00155,0.00576,0,0,8,8,1,6,0,21.5,76.5,1,8,0,21.5,76.5,2,7,0.19,39.5,58.5,1,8,0,21.5,76.5,1,1,0,49,49,1,1,0,49,49,7,1,0.57,76.5,21.5,5,1,0.39,67.5,30.5,5,10.61381,508.26394
104,art15,artificial,,97,114,9,0,1,1,3,0,40,58,1,5,0,27.5,70.5,1,0,0.00155,0.00576,0,0,8,8,1,6,0,21.5,76.5,1,8,0,21.5,76.5,2,7,0.19,39.5,58.5,1,8,0,21.5,76.5,1,1,0,49,49,1,1,0,49,49,7,1,0.57,76.5,21.5,5,1,0.39,67.5,30.5,0.5,19.13666,769.41338
104,art15,artificial,,97,114,9,0,1,1,3,0,40,58,1,5,0,27.5,70.5,1,0,0.00155,0.00576,0,0,8,8,1,6,0,21.5,76.5,1,8,0,21.5,76.5,2,7,0.19,39.5,58.5,1,8,0,21.5,76.5,1,1,0,49,49,1,1,0,49,49,7,1,0.57,76.5,21.5,5,1,0.39,67.5,30.5,1,16.83386,624.58662
104,art15,artificial,,97,114,9,0,1,1,3,0,40,58,1,5,0,27.5,70.5,1,0,0.00155,0.00576,0,0,8,8,1,6,0,21.5,76.5,1,8,0,21.5,76.5,2,7,0.19,39.5,58.5,1,8,0,21.5,76.5,1,1,0,49,49,1,1,0,49,49,7,1,0.57,76.5,21.5,5,1,0.39,67.5,30.5,5,11.54968,572.71887
105,art15,artificial,,97,114,9,0,1,1,3,0,40,58,1,5,0,27.5,70.5,1,0,0.00155,0.00576,0,0,8,8,1,6,0,21.5,76.5,1,8,0,21.5,76.5,2,7,0.19,39.5,58.5,1,8,0,21.5,76.5,1,1,0,49,49,1,1,0,49,49,7,1,0.57,76.5,21.5,5,1,0.39,67.5,30.5,0.5,19.66264,741.6508
105,art15,artificial,,97,114,9,0,1,1,3,0,40,58,1,5,0,27.5,70.5,1,0,0.00155,0.00576,0,0,8,8,1,6,0,21.5,76.5,1,8,0,21.5,76.5,2,7,0.19,39.5,58.5,1,8,0,21.5,76.5,1,1,0,49,49,1,1,0,49,49,7,1,0.57,76.5,21.5,5,1,0.39,67.5,30.5,1,17.29149,734.29499
105,art15,artificial,,97,114,9,0,1,1,3,0,40,58,1,5,0,27.5,70.5,1,0,0.00155,0.00576,0,0,8,8,1,6,0,21.5,76.5,1,8,0,21.5,76.5,2,7,0.19,39.5,58.5,1,8,0,21.5,76.5,1,1,0,49,49,1,1,0,49,49,7,1,0.57,76.5,21.5,5,1,0.39,67.5,30.5,5,10.40263,400.36879
106,art15,artificial,,97,114,9,0,1,1,3,0,40,58,1,5,0,27.5,70.5,1,0,0.00155,0.00576,0,0,8,8,1,6,0,21.5,76.5,1,8,0,21.5,76.5,2,7,0.19,39.5,58.5,1,8,0,21.5,76.5,1,1,0,49,49,1,1,0,49,49,7,1,0.57,76.5,21.5,5,1,0.39,67.5,30.5,0.5,19.48215,712.20331
106,art15,artificial,,97,114,9,0,1,1,3,0,40,58,1,5,0,27.5,70.5,1,0,0.00155,0.00576,0,0,8,8,1,6,0,21.5,76.5,1,8,0,21.5,76.5,2,7,0.19,39.5,58.5,1,8,0,21.5,76.5,1,1,0,49,49,1,1,0,49,49,7,1,0.57,76.5,21.5,5,1,0.39,67.5,30.5,1,17.79305,678.80786
106,art15,artificial,,97,114,9,0,1,1,3,0,40,58,1,5,0,27.5,70.5,1,0,0.00155,0.00576,0,0,8,8,1,6,0,21.5,76.5,1,8,0,21.5,76.5,2,7,0.19,39.5,58.5,1,8,0,21.5,76.5,1,1,0,49,49,1,1,0,49,49,7,1,0.57,76.5,21.5,5,1,0.39,67.5,30.5,5,11.3417,464.68306
107,art15,artificial,,97,114,9,0,1,1,3,0,40,58,1,5,0,27.5,70.5,1,0,0.00155,0.00576,0,0,8,8,1,6,0,21.5,76.5,1,8,0,21.5,76.5,2,7,0.19,39.5,58.5,1,8,0,21.5,76.5,1,1,0,49,49,1,1,0,49,49,7,1,0.57,76.5,21.5,5,1,0.39,67.5,30.5,0.5,18.96041,802.55721
107,art15,artificial,,97,114,9,0,1,1,3,0,40,58,1,5,0,27.5,70.5,1,0,0.00155,0.00576,0,0,8,8,1,6,0,21.5,76.5,1,8,0,21.5,76.5,2,7,0.19,39.5,58.5,1,8,0,21.5,76.5,1,1,0,49,49,1,1,0,49,49,7,1,0.57,76.5,21.5,5,1,0.39,67.5,30.5,1,17.89934,813.71917
107,art15,artificial,,97,114,9,0,1,1,3,0,40,58,1,5,0,27.5,70.5,1,0,0.00155,0.00576,0,0,8,8,1,6,0,21.5,76.5,1,8,0,21.5,76.5,2,7,0.19,39.5,58.5,1,8,0,21.5,76.5,1,1,0,49,49,1,1,0,49,49,7,1,0.57,76.5,21.5,5,1,0.39,67.5,30.5,5,10.47111,372.15462
108,art15,artificial,,97,114,9,0,1,1,3,0,40,58,1,5,0,27.5,70.5,1,0,0.00155,0.00576,0,0,8,8,1,6,0,21.5,76.5,1,8,0,21.5,76.5,2,7,0.19,39.5,58.5,1,8,0,21.5,76.5,1,1,0,49,49,1,1,0,49,49,7,1,0.57,76.5,21.5,5,1,0.39,67.5,30.5,0.5,19.99359,867.04831
108,art15,artificial,,97,114,9,0,1,1,3,0,40,58,1,5,0,27.5,70.5,1,0,0.00155,0.00576,0,0,8,8,1,6,0,21.5,76.5,1,8,0,21.5,76.5,2,7,0.19,39.5,58.5,1,8,0,21.5,76.5,1,1,0,49,49,1,1,0,49,49,7,1,0.57,76.5,21.5,5,1,0.39,67.5,30.5,1,17.57288,721.51729
108,art15,artificial,,97,114,9,0,1,1,3,0,40,58,1,5,0,27.5,70.5,1,0,0.00155,0.00576,0,0,8,8,1,6,0,21.5,76.5,1,8,0,21.5,76.5,2,7,0.19,39.5,58.5,1,8,0,21.5,76.5,1,1,0,49,49,1,1,0,49,49,7,1,0.57,76.5,21.5,5,1,0.39,67.5,30.5,5,11.04969,437.5655
109,art15,artificial,,97,114,9,0,1,1,3,0,40,58,1,5,0,27.5,70.5,1,0,0.00155,0.00576,0,0,8,8,1,6,0,21.5,76.5,1,8,0,21.5,76.5,2,7,0.19,39.5,58.5,1,8,0,21.5,76.5,1,1,0,49,49,1,1,0,49,49,7,1,0.57,76.5,21.5,5,1,0.39,67.5,30.5,0.5,22.45546,1139.14807
109,art15,artificial,,97,114,9,0,1,1,3,0,40,58,1,5,0,27.5,70.5,1,0,0.00155,0.00576,0,0,8,8,1,6,0,21.5,76.5,1,8,0,21.5,76.5,2,7,0.19,39.5,58.5,1,8,0,21.5,76.5,1,1,0,49,49,1,1,0,49,49,7,1,0.57,76.5,21.5,5,1,0.39,67.5,30.5,1,17.60991,651.10145
109,art15,artificial,,97,114,9,0,1,1,3,0,40,58,1,5,0,27.5,70.5,1,0,0.00155,0.00576,0,0,8,8,1,6,0,21.5,76.5,1,8,0,21.5,76.5,2,7,0.19,39.5,58.5,1,8,0,21.5,76.5,1,1,0,49,49,1,1,0,49,49,7,1,0.57,76.5,21.5,5,1,0.39,67.5,30.5,5,10.63743,396.60039
1101,art15,artificial,,97,114,9,0,8,1,3,0,40,58,5,1,0.95,94.5,3.5,8,644,0.00182,0.0396,0,0,1.1,7,6,1,0.95,94.5,3.5,5,4,0.81,81.5,16.5,4,5,0.75,75.5,22.5,8,1,0.95,94.5,3.5,1,1,0,49,49,1,1,0,49,49,1,7,0,3.5,94.5,4,2,0.2,28.5,69.5,0.5,12.42296,329.49125
1101,art15,artificial,,97,114,9,0,8,1,3,0,40,58,5,1,0.95,94.5,3.5,8,644,0.00182,0.0396,0,0,1.1,7,6,1,0.95,94.5,3.5,5,4,0.81,81.5,16.5,4,5,0.75,75.5,22.5,8,1,0.95,94.5,3.5,1,1,0,49,49,1,1,0,49,49,1,7,0,3.5,94.5,4,2,0.2,28.5,69.5,1,14.77396,441.19385
1101,art15,artificial,,97,114,9,0,8,1,3,0,40,58,5,1,0.95,94.5,3.5,8,644,0.00182,0.0396,0,0,1.1,7,6,1,0.95,94.5,3.5,5,4,0.81,81.5,16.5,4,5,0.75,75.5,22.5,8,1,0.95,94.5,3.5,1,1,0,49,49,1,1,0,49,49,1,7,0,3.5,94.5,4,2,0.2,28.5,69.5,5,7.64961,390.57025
1102,art15,artificial,,97,114,9,1,1,2,2,0.82,85.5,12.5,1,5,0,27.5,70.5,2,704,0.00214,0.009,0,0,5.5,6,2,5,0.44,54.5,43.5,6,3,0.88,87.5,10.5,6,3,0.88,87.5,10.5,3,6,0.62,63.5,34.5,1,1,0,49,49,1,1,0,49,49,6,2,0.51,52.5,45.5,3,3,0.07,13.5,84.5,0.5,15.0678,531.3911
1102,art15,artificial,,97,114,9,1,1,2,2,0.82,85.5,12.5,1,5,0,27.5,70.5,2,704,0.00214,0.009,0,0,5.5,6,2,5,0.44,54.5,43.5,6,3,0.88,87.5,10.5,6,3,0.88,87.5,10.5,3,6,0.62,63.5,34.5,1,1,0,49,49,1,1,0,49,49,6,2,0.51,52.5,45.5,3,3,0.07,13.5,84.5,1,14.65593,580.22662
1102,art15,artificial,,97,114,9,1,1,2,2,0.82,85.5,12.5,1,5,0,27.5,70.5,2,704,0.00214,0.009,0,0,5.5,6,2,5,0.44,54.5,43.5,6,3,0.88,87.5,10.5,6,3,0.88,87.5,10.5,3,6,0.62,63.5,34.5,1,1,0,49,49,1,1,0,49,49,6,2,0.51,52.5,45.5,3,3,0.07,13.5,84.5,5,5.88158,204.86185
1103,art15,artificial,,97,114,9,0,1,1,3,0,40,58,1,5,0,27.5,70.5,1,0,0.00155,0.00576,0,0,8,8,1,6,0,21.5,76.5,1,8,0,21.5,76.5,2,7,0.19,39.5,58.5,1,8,0,21.5,76.5,1,1,0,49,49,1,1,0,49,49,7,1,0.57,76.5,21.5,5,1,0.39,67.5,30.5,0.5,37.46783,2395.24834
1103,art15,artificial,,97,114,9,0,1,1,3,0,40,58,1,5,0,27.5,70.5,1,0,0.00155,0.00576,0,0,8,8,1,6,0,21.5,76.5,1,8,0,21.5,76.5,2,7,0.19,39.5,58.5,1,8,0,21.5,76.5,1,1,0,49,49,1,1,0,49,49,7,1,0.57,76.5,21.5,5,1,0.39,67.5,30.5,1,39.3827,2516.72157
1103,art15,artificial,,97,114,9,0,1,1,3,0,40,58,1,5,0,27.5,70.5,1,0,0.00155,0.00576,0,0,8,8,1,6,0,21.5,76.5,1,8,0,21.5,76.5,2,7,0.19,39.5,58.5,1,8,0,21.5,76.5,1,1,0,49,49,1,1,0,49,49,7,1,0.57,76.5,21.5,5,1,0.39,67.5,30.5,5,22.14792,1876.27718
1104,art15,artificial,,97,114,9,0,1,1,3,0,40,58,1,5,0,27.5,70.5,1,0,0.00155,0.00576,0,0,8,8,1,6,0,21.5,76.5,1,8,0,21.5,76.5,2,7,0.19,39.5,58.5,1,8,0,21.5,76.5,1,1,0,49,49,1,1,0,49,49,7,1,0.57,76.5,21.5,5,1,0.39,67.5,30.5,0.5,38.20503,2401.0879
1104,art15,artificial,,97,114,9,0,1,1,3,0,40,58,1,5,0,27.5,70.5,1,0,0.00155,0.00576,0,0,8,8,1,6,0,21.5,76.5,1,8,0,21.5,76.5,2,7,0.19,39.5,58.5,1,8,0,21.5,76.5,1,1,0,49,49,1,1,0,49,49,7,1,0.57,76.5,21.5,5,1,0.39,67.5,30.5,1,38.92524,2412.24149
1104,art15,artificial,,97,114,9,0,1,1,3,0,40,58,1,5,0,27.5,70.5,1,0,0.00155,0.00576,0,0,8,8,1,6,0,21.5,76.5,1,8,0,21.5,76.5,2,7,0.19,39.5,58.5,1,8,0,21.5,76.5,1,1,0,49,49,1,1,0,49,49,7,1,0.57,76.5,21.5,5,1,0.39,67.5,30.5,5,22.1385,1951.10803
1105,art15,artificial,,97,114,9,0,1,1,3,0,40,58,1,5,0,27.5,70.5,1,0,0.00155,0.00576,0,0,8,8,1,6,0,21.5,76.5,1,8,0,21.5,76.5,2,7,0.19,39.5,58.5,1,8,0,21.5,76.5,1,1,0,49,49,1,1,0,49,49,7,1,0.57,76.5,21.5,5,1,0.39,67.5,30.5,0.5,38.35328,2441.09463
1105,art15,artificial,,97,114,9,0,1,1,3,0,40,58,1,5,0,27.5,70.5,1,0,0.00155,0.00576,0,0,8,8,1,6,0,21.5,76.5,1,8,0,21.5,76.5,2,7,0.19,39.5,58.5,1,8,0,21.5,76.5,1,1,0,49,49,1,1,0,49,49,7,1,0.57,76.5,21.5,5,1,0.39,67.5,30.5,1,39.32708,2443.79294
1105,art15,artificial,,97,114,9,0,1,1,3,0,40,58,1,5,0,27.5,70.5,1,0,0.00155,0.00576,0,0,8,8,1,6,0,21.5,76.5,1,8,0,21.5,76.5,2,7,0.19,39.5,58.5,1,8,0,21.5,76.5,1,1,0,49,49,1,1,0,49,49,7,1,0.57,76.5,21.5,5,1,0.39,67.5,30.5,5,23.05274,2138.38237
1106,art15,artificial,,97,114,9,0,1,1,3,0,40,58,1,5,0,27.5,70.5,1,0,0.00155,0.00576,0,0,8,8,1,6,0,21.5,76.5,1,8,0,21.5,76.5,2,7,0.19,39.5,58.5,1,8,0,21.5,76.5,1,1,0,49,49,1,1,0,49,49,7,1,0.57,76.5,21.5,5,1,0.39,67.5,30.5,0.5,38.69463,2465.88628
1106,art15,artificial,,97,114,9,0,1,1,3,0,40,58,1,5,0,27.5,70.5,1,0,0.00155,0.00576,0,0,8,8,1,6,0,21.5,76.5,1,8,0,21.5,76.5,2,7,0.19,39.5,58.5,1,8,0,21.5,76.5,1,1,0,49,49,1,1,0,49,49,7,1,0.57,76.5,21.5,5,1,0.39,67.5,30.5,1,40.52411,2580.12814
1106,art15,artificial,,97,114,9,0,1,1,3,0,40,58,1,5,0,27.5,70.5,1,0,0.00155,0.00576,0,0,8,8,1,6,0,21.5,76.5,1,8,0,21.5,76.5,2,7,0.19,39.5,58.5,1,8,0,21.5,76.5,1,1,0,49,49,1,1,0,49,49,7,1,0.57,76.5,21.5,5,1,0.39,67.5,30.5,5,23.16036,1991.93707
1107,art15,artificial,,97,114,9,0,1,1,3,0,40,58,1,5,0,27.5,70.5,1,0,0.00155,0.00576,0,0,8,8,1,6,0,21.5,76.5,1,8,0,21.5,76.5,2,7,0.19,39.5,58.5,1,8,0,21.5,76.5,1,1,0,49,49,1,1,0,49,49,7,1,0.57,76.5,21.5,5,1,0.39,67.5,30.5,0.5,37.96068,2401.33386
1107,art15,artificial,,97,114,9,0,1,1,3,0,40,58,1,5,0,27.5,70.5,1,0,0.00155,0.00576,0,0,8,8,1,6,0,21.5,76.5,1,8,0,21.5,76.5,2,7,0.19,39.5,58.5,1,8,0,21.5,76.5,1,1,0,49,49,1,1,0,49,49,7,1,0.57,76.5,21.5,5,1,0.39,67.5,30.5,1,38.79455,2404.72449
1107,art15,artificial,,97,114,9,0,1,1,3,0,40,58,1,5,0,27.5,70.5,1,0,0.00155,0.00576,0,0,8,8,1,6,0,21.5,76.5,1,8,0,21.5,76.5,2,7,0.19,39.5,58.5,1,8,0,21.5,76.5,1,1,0,49,49,1,1,0,49,49,7,1,0.57,76.5,21.5,5,1,0.39,67.5,30.5,5,23.97025,2061.70335
1108,art15,artificial,,97,114,9,0,1,1,3,0,40,58,1,5,0,27.5,70.5,1,0,0.00155,0.00576,0,0,8,8,1,6,0,21.5,76.5,1,8,0,21.5,76.5,2,7,0.19,39.5,58.5,1,8,0,21.5,76.5,1,1,0,49,49,1,1,0,49,49,7,1,0.57,76.5,21.5,5,1,0.39,67.5,30.5,0.5,37.97613,2420.12834
1108,art15,artificial,,97,114,9,0,1,1,3,0,40,58,1,5,0,27.5,70.5,1,0,0.00155,0.00576,0,0,8,8,1,6,0,21.5,76.5,1,8,0,21.5,76.5,2,7,0.19,39.5,58.5,1,8,0,21.5,76.5,1,1,0,49,49,1,1,0,49,49,7,1,0.57,76.5,21.5,5,1,0.39,67.5,30.5,1,39.58683,2445.91476
1108,art15,artificial,,97,114,9,0,1,1,3,0,40,58,1,5,0,27.5,70.5,1,0,0.00155,0.00576,0,0,8,8,1,6,0,21.5,76.5,1,8,0,21.5,76.5,2,7,0.19,39.5,58.5,1,8,0,21.5,76.5,1,1,0,49,49,1,1,0,49,49,7,1,0.57,76.5,21.5,5,1,0.39,67.5,30.5,5,22.24278,1867.14341
1109,art15,artificial,,97,114,9,0,1,1,3,0,40,58,1,5,0,27.5,70.5,1,0,0.00155,0.00576,0,0,8,8,1,6,0,21.5,76.5,1,8,0,21.5,76.5,2,7,0.19,39.5,58.5,1,8,0,21.5,76.5,1,1,0,49,49,1,1,0,49,49,7,1,0.57,76.5,21.5,5,1,0.39,67.5,30.5,0.5,39.05129,2465.06424
1109,art15,artificial,,97,114,9,0,1,1,3,0,40,58,1,5,0,27.5,70.5,1,0,0.00155,0.00576,0,0,8,8,1,6,0,21.5,76.5,1,8,0,21.5,76.5,2,7,0.19,39.5,58.5,1,8,0,21.5,76.5,1,1,0,49,49,1,1,0,49,49,7,1,0.57,76.5,21.5,5,1,0.39,67.5,30.5,1,39.87146,2529.00238
1109,art15,artificial,,97,114,9,0,1,1,3,0,40,58,1,5,0,27.5,70.5,1,0,0.00155,0.00576,0,0,8,8,1,6,0,21.5,76.5,1,8,0,21.5,76.5,2,7,0.19,39.5,58.5,1,8,0,21.5,76.5,1,1,0,49,49,1,1,0,49,49,7,1,0.57,76.5,21.5,5,1,0.39,67.5,30.5,5,23.39756,2115.37509
1201,art15,artificial,,97,114,6,1,2,2,2,0.82,85.5,12.5,2,4,0.56,66.5,31.5,3,455.2,0.00211,0.0109,0,0,3.7,6,3,4,0.69,72.5,25.5,4,5,0.75,75.5,22.5,5,4,0.81,81.5,16.5,4,5,0.69,69.5,28.5,1,1,0,49,49,1,1,0,49,49,4,4,0.2,25.5,72.5,3,3,0.07,13.5,84.5,0.5,14.6026,486.53413
1201,art15,artificial,,97,114,6,1,2,2,2,0.82,85.5,12.5,2,4,0.56,66.5,31.5,3,455.2,0.00211,0.0109,0,0,3.7,6,3,4,0.69,72.5,25.5,4,5,0.75,75.5,22.5,5,4,0.81,81.5,16.5,4,5,0.69,69.5,28.5,1,1,0,49,49,1,1,0,49,49,4,4,0.2,25.5,72.5,3,3,0.07,13.5,84.5,1,15.86753,716.25512
1201,art15,artificial,,97,114,6,1,2,2,2,0.82,85.5,12.5,2,4,0.56,66.5,31.5,3,455.2,0.00211,0.0109,0,0,3.7,6,3,4,0.69,72.5,25.5,4,5,0.75,75.5,22.5,5,4,0.81,81.5,16.5,4,5,0.69,69.5,28.5,1,1,0,49,49,1,1,0,49,49,4,4,0.2,25.5,72.5,3,3,0.07,13.5,84.5,5,6.1797,212.2109
1202,art15,artificial,,97,114,6,0,2,1,3,0,40,58,2,4,0.56,66.5,31.5,2,0.2,0.00152,0.00768,0,0,4,8,2,5,0.44,54.5,43.5,2,7,0.44,51.5,46.5,1,8,0,9.5,88.5,2,7,0.44,51.5,46.5,1,1,0,49,49,1,1,0,49,49,5,3,0.32,40.5,57.5,5,1,0.39,67.5,30.5,0.5,15.42343,480.87496
1202,art15,artificial,,97,114,6,0,2,1,3,0,40,58,2,4,0.56,66.5,31.5,2,0.2,0.00152,0.00768,0,0,4,8,2,5,0.44,54.5,43.5,2,7,0.44,51.5,46.5,1,8,0,9.5,88.5,2,7,0.44,51.5,46.5,1,1,0,49,49,1,1,0,49,49,5,3,0.32,40.5,57.5,5,1,0.39,67.5,30.5,1,14.99755,529.25818
1202,art15,artificial,,97,114,6,0,2,1,3,0,40,58,2,4,0.56,66.5,31.5,2,0.2,0.00152,0.00768,0,0,4,8,2,5,0.44,54.5,43.5,2,7,0.44,51.5,46.5,1,8,0,9.5,88.5,2,7,0.44,51.5,46.5,1,1,0,49,49,1,1,0,49,49,5,3,0.32,40.5,57.5,5,1,0.39,67.5,30.5,5,7.25731,284.54921
1203,art15,artificial,,97,114,6,0,2,1,3,0,40,58,2,4,0.56,66.5,31.5,2,0.2,0.00152,0.00768,0,0,4,8,2,5,0.44,54.5,43.5,2,7,0.44,51.5,46.5,1,8,0,9.5,88.5,2,7,0.44,51.5,46.5,1,1,0,49,49,1,1,0,49,49,5,3,0.32,40.5,57.5,5,1,0.39,67.5,30.5,0.5,15.74791,570.25375
1203,art15,artificial,,97,114,6,0,2,1,3,0,40,58,2,4,0.56,66.5,31.5,2,0.2,0.00152,0.00768,0,0,4,8,2,5,0.44,54.5,43.5,2,7,0.44,51.5,46.5,1,8,0,9.5,88.5,2,7,0.44,51.5,46.5,1,1,0,49,49,1,1,0,49,49,5,3,0.32,40.5,57.5,5,1,0.39,67.5,30.5,1,14.73966,483.13813
1203,art15,artificial,,97,114,6,0,2,1,3,0,40,58,2,4,0.56,66.5,31.5,2,0.2,0.00152,0.00768,0,0,4,8,2,5,0.44,54.5,43.5,2,7,0.44,51.5,46.5,1,8,0,9.5,88.5,2,7,0.44,51.5,46.5,1,1,0,49,49,1,1,0,49,49,5,3,0.32,40.5,57.5,5,1,0.39,67.5,30.5,5,7.55187,244.61427
1204,art15,artificial,,97,114,6,0,2,1,3,0,40,58,2,4,0.56,66.5,31.5,2,0.2,0.00152,0.00768,0,0,4,8,2,5,0.44,54.5,43.5,2,7,0.44,51.5,46.5,1,8,0,9.5,88.5,2,7,0.44,51.5,46.5,1,1,0,49,49,1,1,0,49,49,5,3,0.32,40.5,57.5,5,1,0.39,67.5,30.5,0.5,17.13315,709.46604
1204,art15,artificial,,97,114,6,0,2,1,3,0,40,58,2,4,0.56,66.5,31.5,2,0.2,0.00152,0.00768,0,0,4,8,2,5,0.44,54.5,43.5,2,7,0.44,51.5,46.5,1,8,0,9.5,88.5,2,7,0.44,51.5,46.5,1,1,0,49,49,1,1,0,49,49,5,3,0.32,40.5,57.5,5,1,0.39,67.5,30.5,1,16.36213,655.54751
1204,art15,artificial,,97,114,6,0,2,1,3,0,40,58,2,4,0.56,66.5,31.5,2,0.2,0.00152,0.00768,0,0,4,8,2,5,0.44,54.5,43.5,2,7,0.44,51.5,46.5,1,8,0,9.5,88.5,2,7,0.44,51.5,46.5,1,1,0,49,49,1,1,0,49,49,5,3,0.32,40.5,57.5,5,1,0.39,67.5,30.5,5,8.29942,357.89426
1205,art15,artificial,,97,114,6,0,4,1,3,0,40,58,3,3,0.81,84.5,13.5,4,139.5,0.00178,0.0144,0,0,2.2,7,4,3,0.81,84.5,13.5,3,6,0.62,66.5,31.5,3,6,0.62,66.5,31.5,6,3,0.81,84.5,13.5,1,1,0,49,49,1,1,0,49,49,2,6,0.06,12.5,85.5,4,2,0.2,28.5,69.5,0.5,38.02984,2512.68883
1205,art15,artificial,,97,114,6,0,4,1,3,0,40,58,3,3,0.81,84.5,13.5,4,139.5,0.00178,0.0144,0,0,2.2,7,4,3,0.81,84.5,13.5,3,6,0.62,66.5,31.5,3,6,0.62,66.5,31.5,6,3,0.81,84.5,13.5,1,1,0,49,49,1,1,0,49,49,2,6,0.06,12.5,85.5,4,2,0.2,28.5,69.5,1,40.92688,2852.481
1205,art15,artificial,,97,114,6,0,4,1,3,0,40,58,3,3,0.81,84.5,13.5,4,139.5,0.00178,0.0144,0,0,2.2,7,4,3,0.81,84.5,13.5,3,6,0.62,66.5,31.5,3,6,0.62,66.5,31.5,6,3,0.81,84.5,13.5,1,1,0,49,49,1,1,0,49,49,2,6,0.06,12.5,85.5,4,2,0.2,28.5,69.5,5,18.11332,1779.52813
1206,art15,artificial,,97,114,6,0,4,1,3,0,40,58,3,3,0.81,84.5,13.5,4,139.5,0.00178,0.0144,0,0,2.2,7,4,3,0.81,84.5,13.5,3,6,0.62,66.5,31.5,3,6,0.62,66.5,31.5,6,3,0.81,84.5,13.5,1,1,0,49,49,1,1,0,49,49,2,6,0.06,12.5,85.5,4,2,0.2,28.5,69.5,0.5,37.75478,2488.78119
1206,art15,artificial,,97,114,6,0,4,1,3,0,40,58,3,3,0.81,84.5,13.5,4,139.5,0.00178,0.0144,0,0,2.2,7,4,3,0.81,84.5,13.5,3,6,0.62,66.5,31.5,3,6,0.62,66.5,31.5,6,3,0.81,84.5,13.5,1,1,0,49,49,1,1,0,49,49,2,6,0.06,12.5,85.5,4,2,0.2,28.5,69.5,1,40.26384,2788.80885
1206,art15,artificial,,97,114,6,0,4,1,3,0,40,58,3,3,0.81,84.5,13.5,4,139.5,0.00178,0.0144,0,0,2.2,7,4,3,0.81,84.5,13.5,3,6,0.62,66.5,31.5,3,6,0.62,66.5,31.5,6,3,0.81,84.5,13.5,1,1,0,49,49,1,1,0,49,49,2,6,0.06,12.5,85.5,4,2,0.2,28.5,69.5,5,18.11837,1779.47178
2,art15,artificial,,97,114,7,2,1,3,1,0.95,94.5,3.5,1,5,0,27.5,70.5,3,1269,0.00257,0.0114,0,0,3.7,5,3,4,0.69,72.5,25.5,7,2,0.94,93.5,4.5,7,2,0.94,93.5,4.5,5,4,0.75,75.5,22.5,1,1,0,49,49,1,1,0,49,49,4,4,0.2,25.5,72.5,2,4,0.01,4.5,93.5,0.5,15.898,610.80768
2,art15,artificial,,97,114,7,2,1,3,1,0.95,94.5,3.5,1,5,0,27.5,70.5,3,1269,0.00257,0.0114,0,0,3.7,5,3,4,0.69,72.5,25.5,7,2,0.94,93.5,4.5,7,2,0.94,93.5,4.5,5,4,0.75,75.5,22.5,1,1,0,49,49,1,1,0,49,49,4,4,0.2,25.5,72.5,2,4,0.01,4.5,93.5,1,13.47001,646.24454
2,art15,artificial,,97,114,7,2,1,3,1,0.95,94.5,3.5,1,5,0,27.5,70.5,3,1269,0.00257,0.0114,0,0,3.7,5,3,4,0.69,72.5,25.5,7,2,0.94,93.5,4.5,7,2,0.94,93.5,4.5,5,4,0.75,75.5,22.5,1,1,0,49,49,1,1,0,49,49,4,4,0.2,25.5,72.5,2,4,0.01,4.5,93.5,5,4.27286,151.18971
201,art15,artificial,,97,114,6,1,2,2,2,0.82,85.5,12.5,2,4,0.56,66.5,31.5,3,455.2,0.00211,0.0109,0,0,3.7,6,3,4,0.69,72.5,25.5,4,5,0.75,75.5,22.5,5,4,0.81,81.5,16.5,4,5,0.69,69.5,28.5,1,1,0,49,49,1,1,0,49,49,4,4,0.2,25.5,72.5,3,3,0.07,13.5,84.5,0.5,9.03391,325.37347
201,art15,artificial,,97,114,6,1,2,2,2,0.82,85.5,12.5,2,4,0.56,66.5,31.5,3,455.2,0.00211,0.0109,0,0,3.7,6,3,4,0.69,72.5,25.5,4,5,0.75,75.5,22.5,5,4,0.81,81.5,16.5,4,5,0.69,69.5,28.5,1,1,0,49,49,1,1,0,49,49,4,4,0.2,25.5,72.5,3,3,0.07,13.5,84.5,1,9.98731,470.76702
201,art15,artificial,,97,114,6,1,2,2,2,0.82,85.5,12.5,2,4,0.56,66.5,31.5,3,455.2,0.00211,0.0109,0,0,3.7,6,3,4,0.69,72.5,25.5,4,5,0.75,75.5,22.5,5,4,0.81,81.5,16.5,4,5,0.69,69.5,28.5,1,1,0,49,49,1,1,0,49,49,4,4,0.2,25.5,72.5,3,3,0.07,13.5,84.5,5,4.27673,282.57855
202,art15,artificial,,97,114,6,0,2,1,3,0,40,58,2,4,0.56,66.5,31.5,2,0.2,0.00152,0.00768,0,0,4,8,2,5,0.44,54.5,43.5,2,7,0.44,51.5,46.5,1,8,0,9.5,88.5,2,7,0.44,51.5,46.5,1,1,0,49,49,1,1,0,49,49,5,3,0.32,40.5,57.5,5,1,0.39,67.5,30.5,0.5,9.79687,340.62097
202,art15,artificial,,97,114,6,0,2,1,3,0,40,58,2,4,0.56,66.5,31.5,2,0.2,0.00152,0.00768,0,0,4,8,2,5,0.44,54.5,43.5,2,7,0.44,51.5,46.5,1,8,0,9.5,88.5,2,7,0.44,51.5,46.5,1,1,0,49,49,1,1,0,49,49,5,3,0.32,40.5,57.5,5,1,0.39,67.5,30.5,1,11.6734,615.18204
202,art15,artificial,,97,114,6,0,2,1,3,0,40,58,2,4,0.56,66.5,31.5,2,0.2,0.00152,0.00768,0,0,4,8,2,5,0.44,54.5,43.5,2,7,0.44,51.5,46.5,1,8,0,9.5,88.5,2,7,0.44,51.5,46.5,1,1,0,49,49,1,1,0,49,49,5,3,0.32,40.5,57.5,5,1,0.39,67.5,30.5,5,4.71296,210.49831
203,art15,artificial,,97,114,6,0,2,1,3,0,40,58,2,4,0.56,66.5,31.5,2,0.2,0.00152,0.00768,0,0,4,8,2,5,0.44,54.5,43.5,2,7,0.44,51.5,46.5,1,8,0,9.5,88.5,2,7,0.44,51.5,46.5,1,1,0,49,49,1,1,0,49,49,5,3,0.32,40.5,57.5,5,1,0.39,67.5,30.5,0.5,12.57362,671.29574
203,art15,artificial,,97,114,6,0,2,1,3,0,40,58,2,4,0.56,66.5,31.5,2,0.2,0.00152,0.00768,0,0,4,8,2,5,0.44,54.5,43.5,2,7,0.44,51.5,46.5,1,8,0,9.5,88.5,2,7,0.44,51.5,46.5,1,1,0,49,49,1,1,0,49,49,5,3,0.32,40.5,57.5,5,1,0.39,67.5,30.5,1,11.9387,578.53363
203,art15,artificial,,97,114,6,0,2,1,3,0,40,58,2,4,0.56,66.5,31.5,2,0.2,0.00152,0.00768,0,0,4,8,2,5,0.44,54.5,43.5,2,7,0.44,51.5,46.5,1,8,0,9.5,88.5,2,7,0.44,51.5,46.5,1,1,0,49,49,1,1,0,49,49,5,3,0.32,40.5,57.5,5,1,0.39,67.5,30.5,5,4.36786,167.36649
204,art15,artificial,,97,114,6,0,2,1,3,0,40,58,2,4,0.56,66.5,31.5,2,0.2,0.00152,0.00768,0,0,4,8,2,5,0.44,54.5,43.5,2,7,0.44,51.5,46.5,1,8,0,9.5,88.5,2,7,0.44,51.5,46.5,1,1,0,49,49,1,1,0,49,49,5,3,0.32,40.5,57.5,5,1,0.39,67.5,30.5,0.5,11.91854,580.91487
204,art15,artificial,,97,114,6,0,2,1,3,0,40,58,2,4,0.56,66.5,31.5,2,0.2,0.00152,0.00768,0,0,4,8,2,5,0.44,54.5,43.5,2,7,0.44,51.5,46.5,1,8,0,9.5,88.5,2,7,0.44,51.5,46.5,1,1,0,49,49,1,1,0,49,49,5,3,0.32,40.5,57.5,5,1,0.39,67.5,30.5,1,11.52822,465.08842
204,art15,artificial,,97,114,6,0,2,1,3,0,40,58,2,4,0.56,66.5,31.5,2,0.2,0.00152,0.00768,0,0,4,8,2,5,0.44,54.5,43.5,2,7,0.44,51.5,46.5,1,8,0,9.5,88.5,2,7,0.44,51.5,46.5,1,1,0,49,49,1,1,0,49,49,5,3,0.32,40.5,57.5,5,1,0.39,67.5,30.5,5,5.02193,197.5624
205,art15,artificial,,97,114,6,0,4,1,3,0,40,58,3,3,0.81,84.5,13.5,4,139.5,0.00178,0.0144,0,0,2.2,7,4,3,0.81,84.5,13.5,3,6,0.62,66.5,31.5,3,6,0.62,66.5,31.5,6,3,0.81,84.5,13.5,1,1,0,49,49,1,1,0,49,49,2,6,0.06,12.5,85.5,4,2,0.2,28.5,69.5,0.5,22.46116,1051.43801
205,art15,artificial,,97,114,6,0,4,1,3,0,40,58,3,3,0.81,84.5,13.5,4,139.5,0.00178,0.0144,0,0,2.2,7,4,3,0.81,84.5,13.5,3,6,0.62,66.5,31.5,3,6,0.62,66.5,31.5,6,3,0.81,84.5,13.5,1,1,0,49,49,1,1,0,49,49,2,6,0.06,12.5,85.5,4,2,0.2,28.5,69.5,1,19.07878,966.59253
205,art15,artificial,,97,114,6,0,4,1,3,0,40,58,3,3,0.81,84.5,13.5,4,139.5,0.00178,0.0144,0,0,2.2,7,4,3,0.81,84.5,13.5,3,6,0.62,66.5,31.5,3,6,0.62,66.5,31.5,6,3,0.81,84.5,13.5,1,1,0,49,49,1,1,0,49,49,2,6,0.06,12.5,85.5,4,2,0.2,28.5,69.5,5,7.74128,338.5844
206,art15,artificial,,97,114,6,0,4,1,3,0,40,58,3,3,0.81,84.5,13.5,4,139.5,0.00178,0.0144,0,0,2.2,7,4,3,0.81,84.5,13.5,3,6,0.62,66.5,31.5,3,6,0.62,66.5,31.5,6,3,0.81,84.5,13.5,1,1,0,49,49,1,1,0,49,49,2,6,0.06,12.5,85.5,4,2,0.2,28.5,69.5,0.5,21.05614,1061.1487
206,art15,artificial,,97,114,6,0,4,1,3,0,40,58,3,3,0.81,84.5,13.5,4,139.5,0.00178,0.0144,0,0,2.2,7,4,3,0.81,84.5,13.5,3,6,0.62,66.5,31.5,3,6,0.62,66.5,31.5,6,3,0.81,84.5,13.5,1,1,0,49,49,1,1,0,49,49,2,6,0.06,12.5,85.5,4,2,0.2,28.5,69.5,1,19.78218,938.82911
206,art15,artificial,,97,114,6,0,4,1,3,0,40,58,3,3,0.81,84.5,13.5,4,139.5,0.00178,0.0144,0,0,2.2,7,4,3,0.81,84.5,13.5,3,6,0.62,66.5,31.5,3,6,0.62,66.5,31.5,6,3,0.81,84.5,13.5,1,1,0,49,49,1,1,0,49,49,2,6,0.06,12.5,85.5,4,2,0.2,28.5,69.5,5,7.55337,363.59831
3,art15,artificial,,97,114,7,2,1,3,1,0.95,94.5,3.5,1,5,0,27.5,70.5,3,1269,0.00257,0.0114,0,0,3.7,5,3,4,0.69,72.5,25.5,7,2,0.94,93.5,4.5,7,2,0.94,93.5,4.5,5,4,0.75,75.5,22.5,1,1,0,49,49,1,1,0,49,49,4,4,0.2,25.5,72.5,2,4,0.01,4.5,93.5,0.5,16.65395,954.09579
3,art15,artificial,,97,114,7,2,1,3,1,0.95,94.5,3.5,1,5,0,27.5,70.5,3,1269,0.00257,0.0114,0,0,3.7,5,3,4,0.69,72.5,25.5,7,2,0.94,93.5,4.5,7,2,0.94,93.5,4.5,5,4,0.75,75.5,22.5,1,1,0,49,49,1,1,0,49,49,4,4,0.2,25.5,72.5,2,4,0.01,4.5,93.5,1,11.9755,496.77361
3,art15,artificial,,97,114,7,2,1,3,1,0.95,94.5,3.5,1,5,0,27.5,70.5,3,1269,0.00257,0.0114,0,0,3.7,5,3,4,0.69,72.5,25.5,7,2,0.94,93.5,4.5,7,2,0.94,93.5,4.5,5,4,0.75,75.5,22.5,1,1,0,49,49,1,1,0,49,49,4,4,0.2,25.5,72.5,2,4,0.01,4.5,93.5,5,4.65855,190.08042
301,art15,artificial,,97,114,9,0,8,1,3,0,40,58,5,1,0.95,94.5,3.5,8,644,0.00182,0.0396,0,0,1.1,7,6,1,0.95,94.5,3.5,5,4,0.81,81.5,16.5,4,5,0.75,75.5,22.5,8,1,0.95,94.5,3.5,1,1,0,49,49,1,1,0,49,49,1,7,0,3.5,94.5,4,2,0.2,28.5,69.5,0.5,10.47998,388.74092
301,art15,artificial,,97,114,9,0,8,1,3,0,40,58,5,1,0.95,94.5,3.5,8,644,0.00182,0.0396,0,0,1.1,7,6,1,0.95,94.5,3.5,5,4,0.81,81.5,16.5,4,5,0.75,75.5,22.5,8,1,0.95,94.5,3.5,1,1,0,49,49,1,1,0,49,49,1,7,0,3.5,94.5,4,2,0.2,28.5,69.5,1,9.85524,425.97454
301,art15,artificial,,97,114,9,0,8,1,3,0,40,58,5,1,0.95,94.5,3.5,8,644,0.00182,0.0396,0,0,1.1,7,6,1,0.95,94.5,3.5,5,4,0.81,81.5,16.5,4,5,0.75,75.5,22.5,8,1,0.95,94.5,3.5,1,1,0,49,49,1,1,0,49,49,1,7,0,3.5,94.5,4,2,0.2,28.5,69.5,5,5.92677,230.94689
302,art15,artificial,,97,114,9,1,1,2,2,0.82,85.5,12.5,1,5,0,27.5,70.5,2,704,0.00214,0.009,0,0,5.5,6,2,5,0.44,54.5,43.5,6,3,0.88,87.5,10.5,6,3,0.88,87.5,10.5,3,6,0.62,63.5,34.5,1,1,0,49,49,1,1,0,49,49,6,2,0.51,52.5,45.5,3,3,0.07,13.5,84.5,0.5,10.36168,445.85791
302,art15,artificial,,97,114,9,1,1,2,2,0.82,85.5,12.5,1,5,0,27.5,70.5,2,704,0.00214,0.009,0,0,5.5,6,2,5,0.44,54.5,43.5,6,3,0.88,87.5,10.5,6,3,0.88,87.5,10.5,3,6,0.62,63.5,34.5,1,1,0,49,49,1,1,0,49,49,6,2,0.51,52.5,45.5,3,3,0.07,13.5,84.5,1,12.85343,809.04186
302,art15,artificial,,97,114,9,1,1,2,2,0.82,85.5,12.5,1,5,0,27.5,70.5,2,704,0.00214,0.009,0,0,5.5,6,2,5,0.44,54.5,43.5,6,3,0.88,87.5,10.5,6,3,0.88,87.5,10.5,3,6,0.62,63.5,34.5,1,1,0,49,49,1,1,0,49,49,6,2,0.51,52.5,45.5,3,3,0.07,13.5,84.5,5,5.12026,230.38531
303,art15,artificial,,97,114,9,0,1,1,3,0,40,58,1,5,0,27.5,70.5,1,0,0.00155,0.00576,0,0,8,8,1,6,0,21.5,76.5,1,8,0,21.5,76.5,2,7,0.19,39.5,58.5,1,8,0,21.5,76.5,1,1,0,49,49,1,1,0,49,49,7,1,0.57,76.5,21.5,5,1,0.39,67.5,30.5,0.5,24.66929,1353.71132
303,art15,artificial,,97,114,9,0,1,1,3,0,40,58,1,5,0,27.5,70.5,1,0,0.00155,0.00576,0,0,8,8,1,6,0,21.5,76.5,1,8,0,21.5,76.5,2,7,0.19,39.5,58.5,1,8,0,21.5,76.5,1,1,0,49,49,1,1,0,49,49,7,1,0.57,76.5,21.5,5,1,0.39,67.5,30.5,1,23.15369,1084.06708
303,art15,artificial,,97,114,9,0,1,1,3,0,40,58,1,5,0,27.5,70.5,1,0,0.00155,0.00576,0,0,8,8,1,6,0,21.5,76.5,1,8,0,21.5,76.5,2,7,0.19,39.5,58.5,1,8,0,21.5,76.5,1,1,0,49,49,1,1,0,49,49,7,1,0.57,76.5,21.5,5,1,0.39,67.5,30.5,5,12.92312,681.22101
304,art15,artificial,,97,114,9,0,1,1,3,0,40,58,1,5,0,27.5,70.5,1,0,0.00155,0.00576,0,0,8,8,1,6,0,21.5,76.5,1,8,0,21.5,76.5,2,7,0.19,39.5,58.5,1,8,0,21.5,76.5,1,1,0,49,49,1,1,0,49,49,7,1,0.57,76.5,21.5,5,1,0.39,67.5,30.5,0.5,24.45324,1134.7572
304,art15,artificial,,97,114,9,0,1,1,3,0,40,58,1,5,0,27.5,70.5,1,0,0.00155,0.00576,0,0,8,8,1,6,0,21.5,76.5,1,8,0,21.5,76.5,2,7,0.19,39.5,58.5,1,8,0,21.5,76.5,1,1,0,49,49,1,1,0,49,49,7,1,0.57,76.5,21.5,5,1,0.39,67.5,30.5,1,22.7792,1503.31368
304,art15,artificial,,97,114,9,0,1,1,3,0,40,58,1,5,0,27.5,70.5,1,0,0.00155,0.00576,0,0,8,8,1,6,0,21.5,76.5,1,8,0,21.5,76.5,2,7,0.19,39.5,58.5,1,8,0,21.5,76.5,1,1,0,49,49,1,1,0,49,49,7,1,0.57,76.5,21.5,5,1,0.39,67.5,30.5,5,12.56455,601.63172
305,art15,artificial,,97,114,9,0,1,1,3,0,40,58,1,5,0,27.5,70.5,1,0,0.00155,0.00576,0,0,8,8,1,6,0,21.5,76.5,1,8,0,21.5,76.5,2,7,0.19,39.5,58.5,1,8,0,21.5,76.5,1,1,0,49,49,1,1,0,49,49,7,1,0.57,76.5,21.5,5,1,0.39,67.5,30.5,0.5,23.71756,1154.06885
305,art15,artificial,,97,114,9,0,1,1,3,0,40,58,1,5,0,27.5,70.5,1,0,0.00155,0.00576,0,0,8,8,1,6,0,21.5,76.5,1,8,0,21.5,76.5,2,7,0.19,39.5,58.5,1,8,0,21.5,76.5,1,1,0,49,49,1,1,0,49,49,7,1,0.57,76.5,21.5,5,1,0.39,67.5,30.5,1,22.10489,1084.80055
305,art15,artificial,,97,114,9,0,1,1,3,0,40,58,1,5,0,27.5,70.5,1,0,0.00155,0.00576,0,0,8,8,1,6,0,21.5,76.5,1,8,0,21.5,76.5,2,7,0.19,39.5,58.5,1,8,0,21.5,76.5,1,1,0,49,49,1,1,0,49,49,7,1,0.57,76.5,21.5,5,1,0.39,67.5,30.5,5,12.29879,600.49548
306,art15,artificial,,97,114,9,0,1,1,3,0,40,58,1,5,0,27.5,70.5,1,0,0.00155,0.00576,0,0,8,8,1,6,0,21.5,76.5,1,8,0,21.5,76.5,2,7,0.19,39.5,58.5,1,8,0,21.5,76.5,1,1,0,49,49,1,1,0,49,49,7,1,0.57,76.5,21.5,5,1,0.39,67.5,30.5,0.5,26.04677,1277.70335
306,art15,artificial,,97,114,9,0,1,1,3,0,40,58,1,5,0,27.5,70.5,1,0,0.00155,0.00576,0,0,8,8,1,6,0,21.5,76.5,1,8,0,21.5,76.5,2,7,0.19,39.5,58.5,1,8,0,21.5,76.5,1,1,0,49,49,1,1,0,49,49,7,1,0.57,76.5,21.5,5,1,0.39,67.5,30.5,1,23.19784,1115.24473
306,art15,artificial,,97,114,9,0,1,1,3,0,40,58,1,5,0,27.5,70.5,1,0,0.00155,0.00576,0,0,8,8,1,6,0,21.5,76.5,1,8,0,21.5,76.5,2,7,0.19,39.5,58.5,1,8,0,21.5,76.5,1,1,0,49,49,1,1,0,49,49,7,1,0.57,76.5,21.5,5,1,0.39,67.5,30.5,5,11.13627,448.18997
307,art15,artificial,,97,114,9,0,1,1,3,0,40,58,1,5,0,27.5,70.5,1,0,0.00155,0.00576,0,0,8,8,1,6,0,21.5,76.5,1,8,0,21.5,76.5,2,7,0.19,39.5,58.5,1,8,0,21.5,76.5,1,1,0,49,49,1,1,0,49,49,7,1,0.57,76.5,21.5,5,1,0.39,67.5,30.5,0.5,25.55789,1213.85452
307,art15,artificial,,97,114,9,0,1,1,3,0,40,58,1,5,0,27.5,70.5,1,0,0.00155,0.00576,0,0,8,8,1,6,0,21.5,76.5,1,8,0,21.5,76.5,2,7,0.19,39.5,58.5,1,8,0,21.5,76.5,1,1,0,49,49,1,1,0,49,49,7,1,0.57,76.5,21.5,5,1,0.39,67.5,30.5,1,24.54448,1181.48889
307,art15,artificial,,97,114,9,0,1,1,3,0,40,58,1,5,0,27.5,70.5,1,0,0.00155,0.00576,0,0,8,8,1,6,0,21.5,76.5,1,8,0,21.5,76.5,2,7,0.19,39.5,58.5,1,8,0,21.5,76.5,1,1,0,49,49,1,1,0,49,49,7,1,0.57,76.5,21.5,5,1,0.39,67.5,30.5,5,11.58862,470.5693
308,art15,artificial,,97,114,9,0,1,1,3,0,40,58,1,5,0,27.5,70.5,1,0,0.00155,0.00576,0,0,8,8,1,6,0,21.5,76.5,1,8,0,21.5,76.5,2,7,0.19,39.5,58.5,1,8,0,21.5,76.5,1,1,0,49,49,1,1,0,49,49,7,1,0.57,76.5,21.5,5,1,0.39,67.5,30.5,0.5,25.21831,1156.14297
308,art15,artificial,,97,114,9,0,1,1,3,0,40,58,1,5,0,27.5,70.5,1,0,0.00155,0.00576,0,0,8,8,1,6,0,21.5,76.5,1,8,0,21.5,76.5,2,7,0.19,39.5,58.5,1,8,0,21.5,76.5,1,1,0,49,49,1,1,0,49,49,7,1,0.57,76.5,21.5,5,1,0.39,67.5,30.5,1,23.69335,1217.85417
308,art15,artificial,,97,114,9,0,1,1,3,0,40,58,1,5,0,27.5,70.5,1,0,0.00155,0.00576,0,0,8,8,1,6,0,21.5,76.5,1,8,0,21.5,76.5,2,7,0.19,39.5,58.5,1,8,0,21.5,76.5,1,1,0,49,49,1,1,0,49,49,7,1,0.57,76.5,21.5,5,1,0.39,67.5,30.5,5,12.74915,626.80989
309,art15,artificial,,97,114,9,0,1,1,3,0,40,58,1,5,0,27.5,70.5,1,0,0.00155,0.00576,0,0,8,8,1,6,0,21.5,76.5,1,8,0,21.5,76.5,2,7,0.19,39.5,58.5,1,8,0,21.5,76.5,1,1,0,49,49,1,1,0,49,49,7,1,0.57,76.5,21.5,5,1,0.39,67.5,30.5,0.5,25.07935,1153.25976
309,art15,artificial,,97,114,9,0,1,1,3,0,40,58,1,5,0,27.5,70.5,1,0,0.00155,0.00576,0,0,8,8,1,6,0,21.5,76.5,1,8,0,21.5,76.5,2,7,0.19,39.5,58.5,1,8,0,21.5,76.5,1,1,0,49,49,1,1,0,49,49,7,1,0.57,76.5,21.5,5,1,0.39,67.5,30.5,1,24.85415,1191.19052
309,art15,artificial,,97,114,9,0,1,1,3,0,40,58,1,5,0,27.5,70.5,1,0,0.00155,0.00576,0,0,8,8,1,6,0,21.5,76.5,1,8,0,21.5,76.5,2,7,0.19,39.5,58.5,1,8,0,21.5,76.5,1,1,0,49,49,1,1,0,49,49,7,1,0.57,76.5,21.5,5,1,0.39,67.5,30.5,5,11.05395,456.99428
4,art15,artificial,,97,114,7,2,1,3,1,0.95,94.5,3.5,1,5,0,27.5,70.5,3,1269,0.00257,0.0114,0,0,3.7,5,3,4,0.69,72.5,25.5,7,2,0.94,93.5,4.5,7,2,0.94,93.5,4.5,5,4,0.75,75.5,22.5,1,1,0,49,49,1,1,0,49,49,4,4,0.2,25.5,72.5,2,4,0.01,4.5,93.5,0.5,15.74099,558.17952
4,art15,artificial,,97,114,7,2,1,3,1,0.95,94.5,3.5,1,5,0,27.5,70.5,3,1269,0.00257,0.0114,0,0,3.7,5,3,4,0.69,72.5,25.5,7,2,0.94,93.5,4.5,7,2,0.94,93.5,4.5,5,4,0.75,75.5,22.5,1,1,0,49,49,1,1,0,49,49,4,4,0.2,25.5,72.5,2,4,0.01,4.5,93.5,1,15.37428,686.41426
4,art15,artificial,,97,114,7,2,1,3,1,0.95,94.5,3.5,1,5,0,27.5,70.5,3,1269,0.00257,0.0114,0,0,3.7,5,3,4,0.69,72.5,25.5,7,2,0.94,93.5,4.5,7,2,0.94,93.5,4.5,5,4,0.75,75.5,22.5,1,1,0,49,49,1,1,0,49,49,4,4,0.2,25.5,72.5,2,4,0.01,4.5,93.5,5,5.74424,279.61768
401,art15,artificial,,97,114,6,1,2,2,2,0.82,85.5,12.5,2,4,0.56,66.5,31.5,3,455.2,0.00211,0.0109,0,0,3.7,6,3,4,0.69,72.5,25.5,4,5,0.75,75.5,22.5,5,4,0.81,81.5,16.5,4,5,0.69,69.5,28.5,1,1,0,49,49,1,1,0,49,49,4,4,0.2,25.5,72.5,3,3,0.07,13.5,84.5,0.5,12.14755,554.31775
401,art15,artificial,,97,114,6,1,2,2,2,0.82,85.5,12.5,2,4,0.56,66.5,31.5,3,455.2,0.00211,0.0109,0,0,3.7,6,3,4,0.69,72.5,25.5,4,5,0.75,75.5,22.5,5,4,0.81,81.5,16.5,4,5,0.69,69.5,28.5,1,1,0,49,49,1,1,0,49,49,4,4,0.2,25.5,72.5,3,3,0.07,13.5,84.5,1,10.96745,464.89551
401,art15,artificial,,97,114,6,1,2,2,2,0.82,85.5,12.5,2,4,0.56,66.5,31.5,3,455.2,0.00211,0.0109,0,0,3.7,6,3,4,0.69,72.5,25.5,4,5,0.75,75.5,22.5,5,4,0.81,81.5,16.5,4,5,0.69,69.5,28.5,1,1,0,49,49,1,1,0,49,49,4,4,0.2,25.5,72.5,3,3,0.07,13.5,84.5,5,4.47437,233.1517
402,art15,artificial,,97,114,6,0,2,1,3,0,40,58,2,4,0.56,66.5,31.5,2,0.2,0.00152,0.00768,0,0,4,8,2,5,0.44,54.5,43.5,2,7,0.44,51.5,46.5,1,8,0,9.5,88.5,2,7,0.44,51.5,46.5,1,1,0,49,49,1,1,0,49,49,5,3,0.32,40.5,57.5,5,1,0.39,67.5,30.5,0.5,11.07957,382.40763
402,art15,artificial,,97,114,6,0,2,1,3,0,40,58,2,4,0.56,66.5,31.5,2,0.2,0.00152,0.00768,0,0,4,8,2,5,0.44,54.5,43.5,2,7,0.44,51.5,46.5,1,8,0,9.5,88.5,2,7,0.44,51.5,46.5,1,1,0,49,49,1,1,0,49,49,5,3,0.32,40.5,57.5,5,1,0.39,67.5,30.5,1,12.15396,582.51187
402,art15,artificial,,97,114,6,0,2,1,3,0,40,58,2,4,0.56,66.5,31.5,2,0.2,0.00152,0.00768,0,0,4,8,2,5,0.44,54.5,43.5,2,7,0.44,51.5,46.5,1,8,0,9.5,88.5,2,7,0.44,51.5,46.5,1,1,0,49,49,1,1,0,49,49,5,3,0.32,40.5,57.5,5,1,0.39,67.5,30.5,5,5.48641,256.30336
403,art15,artificial,,97,114,6,0,2,1,3,0,40,58,2,4,0.56,66.5,31.5,2,0.2,0.00152,0.00768,0,0,4,8,2,5,0.44,54.5,43.5,2,7,0.44,51.5,46.5,1,8,0,9.5,88.5,2,7,0.44,51.5,46.5,1,1,0,49,49,1,1,0,49,49,5,3,0.32,40.5,57.5,5,1,0.39,67.5,30.5,0.5,10.33653,315.7506
403,art15,artificial,,97,114,6,0,2,1,3,0,40,58,2,4,0.56,66.5,31.5,2,0.2,0.00152,0.00768,0,0,4,8,2,5,0.44,54.5,43.5,2,7,0.44,51.5,46.5,1,8,0,9.5,88.5,2,7,0.44,51.5,46.5,1,1,0,49,49,1,1,0,49,49,5,3,0.32,40.5,57.5,5,1,0.39,67.5,30.5,1,10.95592,479.44844
403,art15,artificial,,97,114,6,0,2,1,3,0,40,58,2,4,0.56,66.5,31.5,2,0.2,0.00152,0.00768,0,0,4,8,2,5,0.44,54.5,43.5,2,7,0.44,51.5,46.5,1,8,0,9.5,88.5,2,7,0.44,51.5,46.5,1,1,0,49,49,1,1,0,49,49,5,3,0.32,40.5,57.5,5,1,0.39,67.5,30.5,5,5.74765,230.09893
404,art15,artificial,,97,114,6,0,2,1,3,0,40,58,2,4,0.56,66.5,31.5,2,0.2,0.00152,0.00768,0,0,4,8,2,5,0.44,54.5,43.5,2,7,0.44,51.5,46.5,1,8,0,9.5,88.5,2,7,0.44,51.5,46.5,1,1,0,49,49,1,1,0,49,49,5,3,0.32,40.5,57.5,5,1,0.39,67.5,30.5,0.5,11.60079,435.78263
404,art15,artificial,,97,114,6,0,2,1,3,0,40,58,2,4,0.56,66.5,31.5,2,0.2,0.00152,0.00768,0,0,4,8,2,5,0.44,54.5,43.5,2,7,0.44,51.5,46.5,1,8,0,9.5,88.5,2,7,0.44,51.5,46.5,1,1,0,49,49,1,1,0,49,49,5,3,0.32,40.5,57.5,5,1,0.39,67.5,30.5,1,12.75518,771.95308
404,art15,artificial,,97,114,6,0,2,1,3,0,40,58,2,4,0.56,66.5,31.5,2,0.2,0.00152,0.00768,0,0,4,8,2,5,0.44,54.5,43.5,2,7,0.44,51.5,46.5,1,8,0,9.5,88.5,2,7,0.44,51.5,46.5,1,1,0,49,49,1,1,0,49,49,5,3,0.32,40.5,57.5,5,1,0.39,67.5,30.5,5,5.12736,212.49174
405,art15,artificial,,97,114,6,0,4,1,3,0,40,58,3,3,0.81,84.5,13.5,4,139.5,0.00178,0.0144,0,0,2.2,7,4,3,0.81,84.5,13.5,3,6,0.62,66.5,31.5,3,6,0.62,66.5,31.5,6,3,0.81,84.5,13.5,1,1,0,49,49,1,1,0,49,49,2,6,0.06,12.5,85.5,4,2,0.2,28.5,69.5,0.5,25.18405,1262.63257
405,art15,artificial,,97,114,6,0,4,1,3,0,40,58,3,3,0.81,84.5,13.5,4,139.5,0.00178,0.0144,0,0,2.2,7,4,3,0.81,84.5,13.5,3,6,0.62,66.5,31.5,3,6,0.62,66.5,31.5,6,3,0.81,84.5,13.5,1,1,0,49,49,1,1,0,49,49,2,6,0.06,12.5,85.5,4,2,0.2,28.5,69.5,1,22.33327,1183.84711
405,art15,artificial,,97,114,6,0,4,1,3,0,40,58,3,3,0.81,84.5,13.5,4,139.5,0.00178,0.0144,0,0,2.2,7,4,3,0.81,84.5,13.5,3,6,0.62,66.5,31.5,3,6,0.62,66.5,31.5,6,3,0.81,84.5,13.5,1,1,0,49,49,1,1,0,49,49,2,6,0.06,12.5,85.5,4,2,0.2,28.5,69.5,5,8.58578,422.8862
406,art15,artificial,,97,114,6,0,4,1,3,0,40,58,3,3,0.81,84.5,13.5,4,139.5,0.00178,0.0144,0,0,2.2,7,4,3,0.81,84.5,13.5,3,6,0.62,66.5,31.5,3,6,0.62,66.5,31.5,6,3,0.81,84.5,13.5,1,1,0,49,49,1,1,0,49,49,2,6,0.06,12.5,85.5,4,2,0.2,28.5,69.5,0.5,24.26342,1205.75094
406,art15,artificial,,97,114,6,0,4,1,3,0,40,58,3,3,0.81,84.5,13.5,4,139.5,0.00178,0.0144,0,0,2.2,7,4,3,0.81,84.5,13.5,3,6,0.62,66.5,31.5,3,6,0.62,66.5,31.5,6,3,0.81,84.5,13.5,1,1,0,49,49,1,1,0,49,49,2,6,0.06,12.5,85.5,4,2,0.2,28.5,69.5,1,22.29458,1170.77338
406,art15,artificial,,97,114,6,0,4,1,3,0,40,58,3,3,0.81,84.5,13.5,4,139.5,0.00178,0.0144,0,0,2.2,7,4,3,0.81,84.5,13.5,3,6,0.62,66.5,31.5,3,6,0.62,66.5,31.5,6,3,0.81,84.5,13.5,1,1,0,49,49,1,1,0,49,49,2,6,0.06,12.5,85.5,4,2,0.2,28.5,69.5,5,7.8713,443.7153
5,art15,artificial,,97,114,7,2,1,3,1,0.95,94.5,3.5,1,5,0,27.5,70.5,3,1269,0.00257,0.0114,0,0,3.7,5,3,4,0.69,72.5,25.5,7,2,0.94,93.5,4.5,7,2,0.94,93.5,4.5,5,4,0.75,75.5,22.5,1,1,0,49,49,1,1,0,49,49,4,4,0.2,25.5,72.5,2,4,0.01,4.5,93.5,0.5,15.28417,550.935
5,art15,artificial,,97,114,7,2,1,3,1,0.95,94.5,3.5,1,5,0,27.5,70.5,3,1269,0.00257,0.0114,0,0,3.7,5,3,4,0.69,72.5,25.5,7,2,0.94,93.5,4.5,7,2,0.94,93.5,4.5,5,4,0.75,75.5,22.5,1,1,0,49,49,1,1,0,49,49,4,4,0.2,25.5,72.5,2,4,0.01,4.5,93.5,1,14.02937,520.32569
5,art15,artificial,,97,114,7,2,1,3,1,0.95,94.5,3.5,1,5,0,27.5,70.5,3,1269,0.00257,0.0114,0,0,3.7,5,3,4,0.69,72.5,25.5,7,2,0.94,93.5,4.5,7,2,0.94,93.5,4.5,5,4,0.75,75.5,22.5,1,1,0,49,49,1,1,0,49,49,4,4,0.2,25.5,72.5,2,4,0.01,4.5,93.5,5,4.25561,123.40651
501,art15,artificial,,97,114,9,0,8,1,3,0,40,58,5,1,0.95,94.5,3.5,8,644,0.00182,0.0396,0,0,1.1,7,6,1,0.95,94.5,3.5,5,4,0.81,81.5,16.5,4,5,0.75,75.5,22.5,8,1,0.95,94.5,3.5,1,1,0,49,49,1,1,0,49,49,1,7,0,3.5,94.5,4,2,0.2,28.5,69.5,0.5,12.66578,552.84924
501,art15,artificial,,97,114,9,0,8,1,3,0,40,58,5,1,0.95,94.5,3.5,8,644,0.00182,0.0396,0,0,1.1,7,6,1,0.95,94.5,3.5,5,4,0.81,81.5,16.5,4,5,0.75,75.5,22.5,8,1,0.95,94.5,3.5,1,1,0,49,49,1,1,0,49,49,1,7,0,3.5,94.5,4,2,0.2,28.5,69.5,1,13.37829,720.4318
501,art15,artificial,,97,114,9,0,8,1,3,0,40,58,5,1,0.95,94.5,3.5,8,644,0.00182,0.0396,0,0,1.1,7,6,1,0.95,94.5,3.5,5,4,0.81,81.5,16.5,4,5,0.75,75.5,22.5,8,1,0.95,94.5,3.5,1,1,0,49,49,1,1,0,49,49,1,7,0,3.5,94.5,4,2,0.2,28.5,69.5,5,7.40745,472.27756
502,art15,artificial,,97,114,9,1,1,2,2,0.82,85.5,12.5,1,5,0,27.5,70.5,2,704,0.00214,0.009,0,0,5.5,6,2,5,0.44,54.5,43.5,6,3,0.88,87.5,10.5,6,3,0.88,87.5,10.5,3,6,0.62,63.5,34.5,1,1,0,49,49,1,1,0,49,49,6,2,0.51,52.5,45.5,3,3,0.07,13.5,84.5,0.5,12.38648,560.70936
502,art15,artificial,,97,114,9,1,1,2,2,0.82,85.5,12.5,1,5,0,27.5,70.5,2,704,0.00214,0.009,0,0,5.5,6,2,5,0.44,54.5,43.5,6,3,0.88,87.5,10.5,6,3,0.88,87.5,10.5,3,6,0.62,63.5,34.5,1,1,0,49,49,1,1,0,49,49,6,2,0.51,52.5,45.5,3,3,0.07,13.5,84.5,1,9.86621,291.00249
502,art15,artificial,,97,114,9,1,1,2,2,0.82,85.5,12.5,1,5,0,27.5,70.5,2,704,0.00214,0.009,0,0,5.5,6,2,5,0.44,54.5,43.5,6,3,0.88,87.5,10.5,6,3,0.88,87.5,10.5,3,6,0.62,63.5,34.5,1,1,0,49,49,1,1,0,49,49,6,2,0.51,52.5,45.5,3,3,0.07,13.5,84.5,5,6.0367,323.09157
503,art15,artificial,,97,114,9,0,1,1,3,0,40,58,1,5,0,27.5,70.5,1,0,0.00155,0.00576,0,0,8,8,1,6,0,21.5,76.5,1,8,0,21.5,76.5,2,7,0.19,39.5,58.5,1,8,0,21.5,76.5,1,1,0,49,49,1,1,0,49,49,7,1,0.57,76.5,21.5,5,1,0.39,67.5,30.5,0.5,27.79232,1438.58225
503,art15,artificial,,97,114,9,0,1,1,3,0,40,58,1,5,0,27.5,70.5,1,0,0.00155,0.00576,0,0,8,8,1,6,0,21.5,76.5,1,8,0,21.5,76.5,2,7,0.19,39.5,58.5,1,8,0,21.5,76.5,1,1,0,49,49,1,1,0,49,49,7,1,0.57,76.5,21.5,5,1,0.39,67.5,30.5,1,26.85839,1384.64614
503,art15,artificial,,97,114,9,0,1,1,3,0,40,58,1,5,0,27.5,70.5,1,0,0.00155,0.00576,0,0,8,8,1,6,0,21.5,76.5,1,8,0,21.5,76.5,2,7,0.19,39.5,58.5,1,8,0,21.5,76.5,1,1,0,49,49,1,1,0,49,49,7,1,0.57,76.5,21.5,5,1,0.39,67.5,30.5,5,14.36319,714.32741
504,art15,artificial,,97,114,9,0,1,1,3,0,40,58,1,5,0,27.5,70.5,1,0,0.00155,0.00576,0,0,8,8,1,6,0,21.5,76.5,1,8,0,21.5,76.5,2,7,0.19,39.5,58.5,1,8,0,21.5,76.5,1,1,0,49,49,1,1,0,49,49,7,1,0.57,76.5,21.5,5,1,0.39,67.5,30.5,0.5,29.1343,1556.41132
504,art15,artificial,,97,114,9,0,1,1,3,0,40,58,1,5,0,27.5,70.5,1,0,0.00155,0.00576,0,0,8,8,1,6,0,21.5,76.5,1,8,0,21.5,76.5,2,7,0.19,39.5,58.5,1,8,0,21.5,76.5,1,1,0,49,49,1,1,0,49,49,7,1,0.57,76.5,21.5,5,1,0.39,67.5,30.5,1,25.66696,1282.848
504,art15,artificial,,97,114,9,0,1,1,3,0,40,58,1,5,0,27.5,70.5,1,0,0.00155,0.00576,0,0,8,8,1,6,0,21.5,76.5,1,8,0,21.5,76.5,2,7,0.19,39.5,58.5,1,8,0,21.5,76.5,1,1,0,49,49,1,1,0,49,49,7,1,0.57,76.5,21.5,5,1,0.39,67.5,30.5,5,14.05068,709.73633
505,art15,artificial,,97,114,9,0,1,1,3,0,40,58,1,5,0,27.5,70.5,1,0,0.00155,0.00576,0,0,8,8,1,6,0,21.5,76.5,1,8,0,21.5,76.5,2,7,0.19,39.5,58.5,1,8,0,21.5,76.5,1,1,0,49,49,1,1,0,49,49,7,1,0.57,76.5,21.5,5,1,0.39,67.5,30.5,0.5,27.75632,1465.56733
505,art15,artificial,,97,114,9,0,1,1,3,0,40,58,1,5,0,27.5,70.5,1,0,0.00155,0.00576,0,0,8,8,1,6,0,21.5,76.5,1,8,0,21.5,76.5,2,7,0.19,39.5,58.5,1,8,0,21.5,76.5,1,1,0,49,49,1,1,0,49,49,7,1,0.57,76.5,21.5,5,1,0.39,67.5,30.5,1,27.80388,1428.88343
505,art15,artificial,,97,114,9,0,1,1,3,0,40,58,1,5,0,27.5,70.5,1,0,0.00155,0.00576,0,0,8,8,1,6,0,21.5,76.5,1,8,0,21.5,76.5,2,7,0.19,39.5,58.5,1,8,0,21.5,76.5,1,1,0,49,49,1,1,0,49,49,7,1,0.57,76.5,21.5,5,1,0.39,67.5,30.5,5,14.4396,824.37285
506,art15,artificial,,97,114,9,0,1,1,3,0,40,58,1,5,0,27.5,70.5,1,0,0.00155,0.00576,0,0,8,8,1,6,0,21.5,76.5,1,8,0,21.5,76.5,2,7,0.19,39.5,58.5,1,8,0,21.5,76.5,1,1,0,49,49,1,1,0,49,49,7,1,0.57,76.5,21.5,5,1,0.39,67.5,30.5,0.5,29.25085,1680.03247
506,art15,artificial,,97,114,9,0,1,1,3,0,40,58,1,5,0,27.5,70.5,1,0,0.00155,0.00576,0,0,8,8,1,6,0,21.5,76.5,1,8,0,21.5,76.5,2,7,0.19,39.5,58.5,1,8,0,21.5,76.5,1,1,0,49,49,1,1,0,49,49,7,1,0.57,76.5,21.5,5,1,0.39,67.5,30.5,1,27.05262,1364.45738
506,art15,artificial,,97,114,9,0,1,1,3,0,40,58,1,5,0,27.5,70.5,1,0,0.00155,0.00576,0,0,8,8,1,6,0,21.5,76.5,1,8,0,21.5,76.5,2,7,0.19,39.5,58.5,1,8,0,21.5,76.5,1,1,0,49,49,1,1,0,49,49,7,1,0.57,76.5,21.5,5,1,0.39,67.5,30.5,5,12.36684,484.68554
507,art15,artificial,,97,114,9,0,1,1,3,0,40,58,1,5,0,27.5,70.5,1,0,0.00155,0.00576,0,0,8,8,1,6,0,21.5,76.5,1,8,0,21.5,76.5,2,7,0.19,39.5,58.5,1,8,0,21.5,76.5,1,1,0,49,49,1,1,0,49,49,7,1,0.57,76.5,21.5,5,1,0.39,67.5,30.5,0.5,30.22461,1535.07648
507,art15,artificial,,97,114,9,0,1,1,3,0,40,58,1,5,0,27.5,70.5,1,0,0.00155,0.00576,0,0,8,8,1,6,0,21.5,76.5,1,8,0,21.5,76.5,2,7,0.19,39.5,58.5,1,8,0,21.5,76.5,1,1,0,49,49,1,1,0,49,49,7,1,0.57,76.5,21.5,5,1,0.39,67.5,30.5,1,28.33196,1485.27024
507,art15,artificial,,97,114,9,0,1,1,3,0,40,58,1,5,0,27.5,70.5,1,0,0.00155,0.00576,0,0,8,8,1,6,0,21.5,76.5,1,8,0,21.5,76.5,2,7,0.19,39.5,58.5,1,8,0,21.5,76.5,1,1,0,49,49,1,1,0,49,49,7,1,0.57,76.5,21.5,5,1,0.39,67.5,30.5,5,13.54205,862.31686
508,art15,artificial,,97,114,9,0,1,1,3,0,40,58,1,5,0,27.5,70.5,1,0,0.00155,0.00576,0,0,8,8,1,6,0,21.5,76.5,1,8,0,21.5,76.5,2,7,0.19,39.5,58.5,1,8,0,21.5,76.5,1,1,0,49,49,1,1,0,49,49,7,1,0.57,76.5,21.5,5,1,0.39,67.5,30.5,0.5,32.23267,1822.28521
508,art15,artificial,,97,114,9,0,1,1,3,0,40,58,1,5,0,27.5,70.5,1,0,0.00155,0.00576,0,0,8,8,1,6,0,21.5,76.5,1,8,0,21.5,76.5,2,7,0.19,39.5,58.5,1,8,0,21.5,76.5,1,1,0,49,49,1,1,0,49,49,7,1,0.57,76.5,21.5,5,1,0.39,67.5,30.5,1,27.36809,1366.60551
508,art15,artificial,,97,114,9,0,1,1,3,0,40,58,1,5,0,27.5,70.5,1,0,0.00155,0.00576,0,0,8,8,1,6,0,21.5,76.5,1,8,0,21.5,76.5,2,7,0.19,39.5,58.5,1,8,0,21.5,76.5,1,1,0,49,49,1,1,0,49,49,7,1,0.57,76.5,21.5,5,1,0.39,67.5,30.5,5,13.10564,668.24885
509,art15,artificial,,97,114,9,0,1,1,3,0,40,58,1,5,0,27.5,70.5,1,0,0.00155,0.00576,0,0,8,8,1,6,0,21.5,76.5,1,8,0,21.5,76.5,2,7,0.19,39.5,58.5,1,8,0,21.5,76.5,1,1,0,49,49,1,1,0,49,49,7,1,0.57,76.5,21.5,5,1,0.39,67.5,30.5,0.5,30.82833,1637.06195
509,art15,artificial,,97,114,9,0,1,1,3,0,40,58,1,5,0,27.5,70.5,1,0,0.00155,0.00576,0,0,8,8,1,6,0,21.5,76.5,1,8,0,21.5,76.5,2,7,0.19,39.5,58.5,1,8,0,21.5,76.5,1,1,0,49,49,1,1,0,49,49,7,1,0.57,76.5,21.5,5,1,0.39,67.5,30.5,1,27.68734,1412.45018
509,art15,artificial,,97,114,9,0,1,1,3,0,40,58,1,5,0,27.5,70.5,1,0,0.00155,0.00576,0,0,8,8,1,6,0,21.5,76.5,1,8,0,21.5,76.5,2,7,0.19,39.5,58.5,1,8,0,21.5,76.5,1,1,0,49,49,1,1,0,49,49,7,1,0.57,76.5,21.5,5,1,0.39,67.5,30.5,5,12.61695,646.87288
6,art15,artificial,,97,114,7,2,1,3,1,0.95,94.5,3.5,1,5,0,27.5,70.5,3,1269,0.00257,0.0114,0,0,3.7,5,3,4,0.69,72.5,25.5,7,2,0.94,93.5,4.5,7,2,0.94,93.5,4.5,5,4,0.75,75.5,22.5,1,1,0,49,49,1,1,0,49,49,4,4,0.2,25.5,72.5,2,4,0.01,4.5,93.5,0.5,17.68386,888.2943
6,art15,artificial,,97,114,7,2,1,3,1,0.95,94.5,3.5,1,5,0,27.5,70.5,3,1269,0.00257,0.0114,0,0,3.7,5,3,4,0.69,72.5,25.5,7,2,0.94,93.5,4.5,7,2,0.94,93.5,4.5,5,4,0.75,75.5,22.5,1,1,0,49,49,1,1,0,49,49,4,4,0.2,25.5,72.5,2,4,0.01,4.5,93.5,1,12.91691,529.38141
6,art15,artificial,,97,114,7,2,1,3,1,0.95,94.5,3.5,1,5,0,27.5,70.5,3,1269,0.00257,0.0114,0,0,3.7,5,3,4,0.69,72.5,25.5,7,2,0.94,93.5,4.5,7,2,0.94,93.5,4.5,5,4,0.75,75.5,22.5,1,1,0,49,49,1,1,0,49,49,4,4,0.2,25.5,72.5,2,4,0.01,4.5,93.5,5,5.24776,218.76106
601,art15,artificial,,97,114,6,1,2,2,2,0.82,85.5,12.5,2,4,0.56,66.5,31.5,3,455.2,0.00211,0.0109,0,0,3.7,6,3,4,0.69,72.5,25.5,4,5,0.75,75.5,22.5,5,4,0.81,81.5,16.5,4,5,0.69,69.5,28.5,1,1,0,49,49,1,1,0,49,49,4,4,0.2,25.5,72.5,3,3,0.07,13.5,84.5,0.5,11.22169,409.61605
601,art15,artificial,,97,114,6,1,2,2,2,0.82,85.5,12.5,2,4,0.56,66.5,31.5,3,455.2,0.00211,0.0109,0,0,3.7,6,3,4,0.69,72.5,25.5,4,5,0.75,75.5,22.5,5,4,0.81,81.5,16.5,4,5,0.69,69.5,28.5,1,1,0,49,49,1,1,0,49,49,4,4,0.2,25.5,72.5,3,3,0.07,13.5,84.5,1,11.06026,335.99421
601,art15,artificial,,97,114,6,1,2,2,2,0.82,85.5,12.5,2,4,0.56,66.5,31.5,3,455.2,0.00211,0.0109,0,0,3.7,6,3,4,0.69,72.5,25.5,4,5,0.75,75.5,22.5,5,4,0.81,81.5,16.5,4,5,0.69,69.5,28.5,1,1,0,49,49,1,1,0,49,49,4,4,0.2,25.5,72.5,3,3,0.07,13.5,84.5,5,5.61944,207.69702
602,art15,artificial,,97,114,6,0,2,1,3,0,40,58,2,4,0.56,66.5,31.5,2,0.2,0.00152,0.00768,0,0,4,8,2,5,0.44,54.5,43.5,2,7,0.44,51.5,46.5,1,8,0,9.5,88.5,2,7,0.44,51.5,46.5,1,1,0,49,49,1,1,0,49,49,5,3,0.32,40.5,57.5,5,1,0.39,67.5,30.5,0.5,11.94564,498.8455
602,art15,artificial,,97,114,6,0,2,1,3,0,40,58,2,4,0.56,66.5,31.5,2,0.2,0.00152,0.00768,0,0,4,8,2,5,0.44,54.5,43.5,2,7,0.44,51.5,46.5,1,8,0,9.5,88.5,2,7,0.44,51.5,46.5,1,1,0,49,49,1,1,0,49,49,5,3,0.32,40.5,57.5,5,1,0.39,67.5,30.5,1,11.9942,465.7964
602,art15,artificial,,97,114,6,0,2,1,3,0,40,58,2,4,0.56,66.5,31.5,2,0.2,0.00152,0.00768,0,0,4,8,2,5,0.44,54.5,43.5,2,7,0.44,51.5,46.5,1,8,0,9.5,88.5,2,7,0.44,51.5,46.5,1,1,0,49,49,1,1,0,49,49,5,3,0.32,40.5,57.5,5,1,0.39,67.5,30.5,5,6.09504,252.98672
603,art15,artificial,,97,114,6,0,2,1,3,0,40,58,2,4,0.56,66.5,31.5,2,0.2,0.00152,0.00768,0,0,4,8,2,5,0.44,54.5,43.5,2,7,0.44,51.5,46.5,1,8,0,9.5,88.5,2,7,0.44,51.5,46.5,1,1,0,49,49,1,1,0,49,49,5,3,0.32,40.5,57.5,5,1,0.39,67.5,30.5,0.5,11.49645,400.95193
603,art15,artificial,,97,114,6,0,2,1,3,0,40,58,2,4,0.56,66.5,31.5,2,0.2,0.00152,0.00768,0,0,4,8,2,5,0.44,54.5,43.5,2,7,0.44,51.5,46.5,1,8,0,9.5,88.5,2,7,0.44,51.5,46.5,1,1,0,49,49,1,1,0,49,49,5,3,0.32,40.5,57.5,5,1,0.39,67.5,30.5,1,12.97657,492.25715
603,art15,artificial,,97,114,6,0,2,1,3,0,40,58,2,4,0.56,66.5,31.5,2,0.2,0.00152,0.00768,0,0,4,8,2,5,0.44,54.5,43.5,2,7,0.44,51.5,46.5,1,8,0,9.5,88.5,2,7,0.44,51.5,46.5,1,1,0,49,49,1,1,0,49,49,5,3,0.32,40.5,57.5,5,1,0.39,67.5,30.5,5,5.2303,156.36906
604,art15,artificial,,97,114,6,0,2,1,3,0,40,58,2,4,0.56,66.5,31.5,2,0.2,0.00152,0.00768,0,0,4,8,2,5,0.44,54.5,43.5,2,7,0.44,51.5,46.5,1,8,0,9.5,88.5,2,7,0.44,51.5,46.5,1,1,0,49,49,1,1,0,49,49,5,3,0.32,40.5,57.5,5,1,0.39,67.5,30.5,0.5,9.55922,242.97954
604,art15,artificial,,97,114,6,0,2,1,3,0,40,58,2,4,0.56,66.5,31.5,2,0.2,0.00152,0.00768,0,0,4,8,2,5,0.44,54.5,43.5,2,7,0.44,51.5,46.5,1,8,0,9.5,88.5,2,7,0.44,51.5,46.5,1,1,0,49,49,1,1,0,49,49,5,3,0.32,40.5,57.5,5,1,0.39,67.5,30.5,1,12.57259,439.39103
604,art15,artificial,,97,114,6,0,2,1,3,0,40,58,2,4,0.56,66.5,31.5,2,0.2,0.00152,0.00768,0,0,4,8,2,5,0.44,54.5,43.5,2,7,0.44,51.5,46.5,1,8,0,9.5,88.5,2,7,0.44,51.5,46.5,1,1,0,49,49,1,1,0,49,49,5,3,0.32,40.5,57.5,5,1,0.39,67.5,30.5,5,7.73667,403.78503
605,art15,artificial,,97,114,6,0,4,1,3,0,40,58,3,3,0.81,84.5,13.5,4,139.5,0.00178,0.0144,0,0,2.2,7,4,3,0.81,84.5,13.5,3,6,0.62,66.5,31.5,3,6,0.62,66.5,31.5,6,3,0.81,84.5,13.5,1,1,0,49,49,1,1,0,49,49,2,6,0.06,12.5,85.5,4,2,0.2,28.5,69.5,0.5,29.22699,1647.09009
605,art15,artificial,,97,114,6,0,4,1,3,0,40,58,3,3,0.81,84.5,13.5,4,139.5,0.00178,0.0144,0,0,2.2,7,4,3,0.81,84.5,13.5,3,6,0.62,66.5,31.5,3,6,0.62,66.5,31.5,6,3,0.81,84.5,13.5,1,1,0,49,49,1,1,0,49,49,2,6,0.06,12.5,85.5,4,2,0.2,28.5,69.5,1,25.13424,1316.9427
605,art15,artificial,,97,114,6,0,4,1,3,0,40,58,3,3,0.81,84.5,13.5,4,139.5,0.00178,0.0144,0,0,2.2,7,4,3,0.81,84.5,13.5,3,6,0.62,66.5,31.5,3,6,0.62,66.5,31.5,6,3,0.81,84.5,13.5,1,1,0,49,49,1,1,0,49,49,2,6,0.06,12.5,85.5,4,2,0.2,28.5,69.5,5,12.17775,790.09276
606,art15,artificial,,97,114,6,0,4,1,3,0,40,58,3,3,0.81,84.5,13.5,4,139.5,0.00178,0.0144,0,0,2.2,7,4,3,0.81,84.5,13.5,3,6,0.62,66.5,31.5,3,6,0.62,66.5,31.5,6,3,0.81,84.5,13.5,1,1,0,49,49,1,1,0,49,49,2,6,0.06,12.5,85.5,4,2,0.2,28.5,69.5,0.5,29.17559,1681.84329
606,art15,artificial,,97,114,6,0,4,1,3,0,40,58,3,3,0.81,84.5,13.5,4,139.5,0.00178,0.0144,0,0,2.2,7,4,3,0.81,84.5,13.5,3,6,0.62,66.5,31.5,3,6,0.62,66.5,31.5,6,3,0.81,84.5,13.5,1,1,0,49,49,1,1,0,49,49,2,6,0.06,12.5,85.5,4,2,0.2,28.5,69.5,1,26.49389,1625.80469
606,art15,artificial,,97,114,6,0,4,1,3,0,40,58,3,3,0.81,84.5,13.5,4,139.5,0.00178,0.0144,0,0,2.2,7,4,3,0.81,84.5,13.5,3,6,0.62,66.5,31.5,3,6,0.62,66.5,31.5,6,3,0.81,84.5,13.5,1,1,0,49,49,1,1,0,49,49,2,6,0.06,12.5,85.5,4,2,0.2,28.5,69.5,5,10.88424,633.28365
701,art15,artificial,,97,114,9,0,8,1,3,0,40,58,5,1,0.95,94.5,3.5,8,644,0.00182,0.0396,0,0,1.1,7,6,1,0.95,94.5,3.5,5,4,0.81,81.5,16.5,4,5,0.75,75.5,22.5,8,1,0.95,94.5,3.5,1,1,0,49,49,1,1,0,49,49,1,7,0,3.5,94.5,4,2,0.2,28.5,69.5,0.5,14.02785,485.32346
701,art15,artificial,,97,114,9,0,8,1,3,0,40,58,5,1,0.95,94.5,3.5,8,644,0.00182,0.0396,0,0,1.1,7,6,1,0.95,94.5,3.5,5,4,0.81,81.5,16.5,4,5,0.75,75.5,22.5,8,1,0.95,94.5,3.5,1,1,0,49,49,1,1,0,49,49,1,7,0,3.5,94.5,4,2,0.2,28.5,69.5,1,12.83022,504.4881
701,art15,artificial,,97,114,9,0,8,1,3,0,40,58,5,1,0.95,94.5,3.5,8,644,0.00182,0.0396,0,0,1.1,7,6,1,0.95,94.5,3.5,5,4,0.81,81.5,16.5,4,5,0.75,75.5,22.5,8,1,0.95,94.5,3.5,1,1,0,49,49,1,1,0,49,49,1,7,0,3.5,94.5,4,2,0.2,28.5,69.5,5,6.90373,399.37967
702,art15,artificial,,97,114,9,1,1,2,2,0.82,85.5,12.5,1,5,0,27.5,70.5,2,704,0.00214,0.009,0,0,5.5,6,2,5,0.44,54.5,43.5,6,3,0.88,87.5,10.5,6,3,0.88,87.5,10.5,3,6,0.62,63.5,34.5,1,1,0,49,49,1,1,0,49,49,6,2,0.51,52.5,45.5,3,3,0.07,13.5,84.5,0.5,11.43422,301.23768
702,art15,artificial,,97,114,9,1,1,2,2,0.82,85.5,12.5,1,5,0,27.5,70.5,2,704,0.00214,0.009,0,0,5.5,6,2,5,0.44,54.5,43.5,6,3,0.88,87.5,10.5,6,3,0.88,87.5,10.5,3,6,0.62,63.5,34.5,1,1,0,49,49,1,1,0,49,49,6,2,0.51,52.5,45.5,3,3,0.07,13.5,84.5,1,13.23826,513.50591
702,art15,artificial,,97,114,9,1,1,2,2,0.82,85.5,12.5,1,5,0,27.5,70.5,2,704,0.00214,0.009,0,0,5.5,6,2,5,0.44,54.5,43.5,6,3,0.88,87.5,10.5,6,3,0.88,87.5,10.5,3,6,0.62,63.5,34.5,1,1,0,49,49,1,1,0,49,49,6,2,0.51,52.5,45.5,3,3,0.07,13.5,84.5,5,5.19593,153.53786
703,art15,artificial,,97,114,9,0,1,1,3,0,40,58,1,5,0,27.5,70.5,1,0,0.00155,0.00576,0,0,8,8,1,6,0,21.5,76.5,1,8,0,21.5,76.5,2,7,0.19,39.5,58.5,1,8,0,21.5,76.5,1,1,0,49,49,1,1,0,49,49,7,1,0.57,76.5,21.5,5,1,0.39,67.5,30.5,0.5,33.48422,1802.91995
703,art15,artificial,,97,114,9,0,1,1,3,0,40,58,1,5,0,27.5,70.5,1,0,0.00155,0.00576,0,0,8,8,1,6,0,21.5,76.5,1,8,0,21.5,76.5,2,7,0.19,39.5,58.5,1,8,0,21.5,76.5,1,1,0,49,49,1,1,0,49,49,7,1,0.57,76.5,21.5,5,1,0.39,67.5,30.5,1,30.71355,1622.55683
703,art15,artificial,,97,114,9,0,1,1,3,0,40,58,1,5,0,27.5,70.5,1,0,0.00155,0.00576,0,0,8,8,1,6,0,21.5,76.5,1,8,0,21.5,76.5,2,7,0.19,39.5,58.5,1,8,0,21.5,76.5,1,1,0,49,49,1,1,0,49,49,7,1,0.57,76.5,21.5,5,1,0.39,67.5,30.5,5,19.88163,1780.71844
704,art15,artificial,,97,114,9,0,1,1,3,0,40,58,1,5,0,27.5,70.5,1,0,0.00155,0.00576,0,0,8,8,1,6,0,21.5,76.5,1,8,0,21.5,76.5,2,7,0.19,39.5,58.5,1,8,0,21.5,76.5,1,1,0,49,49,1,1,0,49,49,7,1,0.57,76.5,21.5,5,1,0.39,67.5,30.5,0.5,33.07238,1822.20889
704,art15,artificial,,97,114,9,0,1,1,3,0,40,58,1,5,0,27.5,70.5,1,0,0.00155,0.00576,0,0,8,8,1,6,0,21.5,76.5,1,8,0,21.5,76.5,2,7,0.19,39.5,58.5,1,8,0,21.5,76.5,1,1,0,49,49,1,1,0,49,49,7,1,0.57,76.5,21.5,5,1,0.39,67.5,30.5,1,31.40153,1710.73411
704,art15,artificial,,97,114,9,0,1,1,3,0,40,58,1,5,0,27.5,70.5,1,0,0.00155,0.00576,0,0,8,8,1,6,0,21.5,76.5,1,8,0,21.5,76.5,2,7,0.19,39.5,58.5,1,8,0,21.5,76.5,1,1,0,49,49,1,1,0,49,49,7,1,0.57,76.5,21.5,5,1,0.39,67.5,30.5,5,20.34084,1803.16099
705,art15,artificial,,97,114,9,0,1,1,3,0,40,58,1,5,0,27.5,70.5,1,0,0.00155,0.00576,0,0,8,8,1,6,0,21.5,76.5,1,8,0,21.5,76.5,2,7,0.19,39.5,58.5,1,8,0,21.5,76.5,1,1,0,49,49,1,1,0,49,49,7,1,0.57,76.5,21.5,5,1,0.39,67.5,30.5,0.5,32.53535,1687.69806
705,art15,artificial,,97,114,9,0,1,1,3,0,40,58,1,5,0,27.5,70.5,1,0,0.00155,0.00576,0,0,8,8,1,6,0,21.5,76.5,1,8,0,21.5,76.5,2,7,0.19,39.5,58.5,1,8,0,21.5,76.5,1,1,0,49,49,1,1,0,49,49,7,1,0.57,76.5,21.5,5,1,0.39,67.5,30.5,1,32.15277,1757.45636
705,art15,artificial,,97,114,9,0,1,1,3,0,40,58,1,5,0,27.5,70.5,1,0,0.00155,0.00576,0,0,8,8,1,6,0,21.5,76.5,1,8,0,21.5,76.5,2,7,0.19,39.5,58.5,1,8,0,21.5,76.5,1,1,0,49,49,1,1,0,49,49,7,1,0.57,76.5,21.5,5,1,0.39,67.5,30.5,5,19.7274,1726.75703
706,art15,artificial,,97,114,9,0,1,1,3,0,40,58,1,5,0,27.5,70.5,1,0,0.00155,0.00576,0,0,8,8,1,6,0,21.5,76.5,1,8,0,21.5,76.5,2,7,0.19,39.5,58.5,1,8,0,21.5,76.5,1,1,0,49,49,1,1,0,49,49,7,1,0.57,76.5,21.5,5,1,0.39,67.5,30.5,0.5,33.71541,1960.49205
706,art15,artificial,,97,114,9,0,1,1,3,0,40,58,1,5,0,27.5,70.5,1,0,0.00155,0.00576,0,0,8,8,1,6,0,21.5,76.5,1,8,0,21.5,76.5,2,7,0.19,39.5,58.5,1,8,0,21.5,76.5,1,1,0,49,49,1,1,0,49,49,7,1,0.57,76.5,21.5,5,1,0.39,67.5,30.5,1,32.94509,1808.9114
706,art15,artificial,,97,114,9,0,1,1,3,0,40,58,1,5,0,27.5,70.5,1,0,0.00155,0.00576,0,0,8,8,1,6,0,21.5,76.5,1,8,0,21.5,76.5,2,7,0.19,39.5,58.5,1,8,0,21.5,76.5,1,1,0,49,49,1,1,0,49,49,7,1,0.57,76.5,21.5,5,1,0.39,67.5,30.5,5,20.43486,1786.93563
707,art15,artificial,,97,114,9,0,1,1,3,0,40,58,1,5,0,27.5,70.5,1,0,0.00155,0.00576,0,0,8,8,1,6,0,21.5,76.5,1,8,0,21.5,76.5,2,7,0.19,39.5,58.5,1,8,0,21.5,76.5,1,1,0,49,49,1,1,0,49,49,7,1,0.57,76.5,21.5,5,1,0.39,67.5,30.5,0.5,33.02598,1882.21655
707,art15,artificial,,97,114,9,0,1,1,3,0,40,58,1,5,0,27.5,70.5,1,0,0.00155,0.00576,0,0,8,8,1,6,0,21.5,76.5,1,8,0,21.5,76.5,2,7,0.19,39.5,58.5,1,8,0,21.5,76.5,1,1,0,49,49,1,1,0,49,49,7,1,0.57,76.5,21.5,5,1,0.39,67.5,30.5,1,33.08635,1721.51759
707,art15,artificial,,97,114,9,0,1,1,3,0,40,58,1,5,0,27.5,70.5,1,0,0.00155,0.00576,0,0,8,8,1,6,0,21.5,76.5,1,8,0,21.5,76.5,2,7,0.19,39.5,58.5,1,8,0,21.5,76.5,1,1,0,49,49,1,1,0,49,49,7,1,0.57,76.5,21.5,5,1,0.39,67.5,30.5,5,21.46614,1944.42941
708,art15,artificial,,97,114,9,0,1,1,3,0,40,58,1,5,0,27.5,70.5,1,0,0.00155,0.00576,0,0,8,8,1,6,0,21.5,76.5,1,8,0,21.5,76.5,2,7,0.19,39.5,58.5,1,8,0,21.5,76.5,1,1,0,49,49,1,1,0,49,49,7,1,0.57,76.5,21.5,5,1,0.39,67.5,30.5,0.5,34.26003,1973.82094
708,art15,artificial,,97,114,9,0,1,1,3,0,40,58,1,5,0,27.5,70.5,1,0,0.00155,0.00576,0,0,8,8,1,6,0,21.5,76.5,1,8,0,21.5,76.5,2,7,0.19,39.5,58.5,1,8,0,21.5,76.5,1,1,0,49,49,1,1,0,49,49,7,1,0.57,76.5,21.5,5,1,0.39,67.5,30.5,1,31.78309,1740.40207
708,art15,artificial,,97,114,9,0,1,1,3,0,40,58,1,5,0,27.5,70.5,1,0,0.00155,0.00576,0,0,8,8,1,6,0,21.5,76.5,1,8,0,21.5,76.5,2,7,0.19,39.5,58.5,1,8,0,21.5,76.5,1,1,0,49,49,1,1,0,49,49,7,1,0.57,76.5,21.5,5,1,0.39,67.5,30.5,5,20.99926,1850.02853
709,art15,artificial,,97,114,9,0,1,1,3,0,40,58,1,5,0,27.5,70.5,1,0,0.00155,0.00576,0,0,8,8,1,6,0,21.5,76.5,1,8,0,21.5,76.5,2,7,0.19,39.5,58.5,1,8,0,21.5,76.5,1,1,0,49,49,1,1,0,49,49,7,1,0.57,76.5,21.5,5,1,0.39,67.5,30.5,0.5,35.24861,2081.00771
709,art15,artificial,,97,114,9,0,1,1,3,0,40,58,1,5,0,27.5,70.5,1,0,0.00155,0.00576,0,0,8,8,1,6,0,21.5,76.5,1,8,0,21.5,76.5,2,7,0.19,39.5,58.5,1,8,0,21.5,76.5,1,1,0,49,49,1,1,0,49,49,7,1,0.57,76.5,21.5,5,1,0.39,67.5,30.5,1,32.36035,1798.30701
709,art15,artificial,,97,114,9,0,1,1,3,0,40,58,1,5,0,27.5,70.5,1,0,0.00155,0.00576,0,0,8,8,1,6,0,21.5,76.5,1,8,0,21.5,76.5,2,7,0.19,39.5,58.5,1,8,0,21.5,76.5,1,1,0,49,49,1,1,0,49,49,7,1,0.57,76.5,21.5,5,1,0.39,67.5,30.5,5,21.82256,1981.3989
801,art15,artificial,,97,114,6,1,2,2,2,0.82,85.5,12.5,2,4,0.56,66.5,31.5,3,455.2,0.00211,0.0109,0,0,3.7,6,3,4,0.69,72.5,25.5,4,5,0.75,75.5,22.5,5,4,0.81,81.5,16.5,4,5,0.69,69.5,28.5,1,1,0,49,49,1,1,0,49,49,4,4,0.2,25.5,72.5,3,3,0.07,13.5,84.5,0.5,11.34154,308.73602
801,art15,artificial,,97,114,6,1,2,2,2,0.82,85.5,12.5,2,4,0.56,66.5,31.5,3,455.2,0.00211,0.0109,0,0,3.7,6,3,4,0.69,72.5,25.5,4,5,0.75,75.5,22.5,5,4,0.81,81.5,16.5,4,5,0.69,69.5,28.5,1,1,0,49,49,1,1,0,49,49,4,4,0.2,25.5,72.5,3,3,0.07,13.5,84.5,1,12.88706,488.11248
801,art15,artificial,,97,114,6,1,2,2,2,0.82,85.5,12.5,2,4,0.56,66.5,31.5,3,455.2,0.00211,0.0109,0,0,3.7,6,3,4,0.69,72.5,25.5,4,5,0.75,75.5,22.5,5,4,0.81,81.5,16.5,4,5,0.69,69.5,28.5,1,1,0,49,49,1,1,0,49,49,4,4,0.2,25.5,72.5,3,3,0.07,13.5,84.5,5,4.89619,156.64732
802,art15,artificial,,97,114,6,0,2,1,3,0,40,58,2,4,0.56,66.5,31.5,2,0.2,0.00152,0.00768,0,0,4,8,2,5,0.44,54.5,43.5,2,7,0.44,51.5,46.5,1,8,0,9.5,88.5,2,7,0.44,51.5,46.5,1,1,0,49,49,1,1,0,49,49,5,3,0.32,40.5,57.5,5,1,0.39,67.5,30.5,0.5,12.13457,392.79247
802,art15,artificial,,97,114,6,0,2,1,3,0,40,58,2,4,0.56,66.5,31.5,2,0.2,0.00152,0.00768,0,0,4,8,2,5,0.44,54.5,43.5,2,7,0.44,51.5,46.5,1,8,0,9.5,88.5,2,7,0.44,51.5,46.5,1,1,0,49,49,1,1,0,49,49,5,3,0.32,40.5,57.5,5,1,0.39,67.5,30.5,1,12.07153,433.98843
802,art15,artificial,,97,114,6,0,2,1,3,0,40,58,2,4,0.56,66.5,31.5,2,0.2,0.00152,0.00768,0,0,4,8,2,5,0.44,54.5,43.5,2,7,0.44,51.5,46.5,1,8,0,9.5,88.5,2,7,0.44,51.5,46.5,1,1,0,49,49,1,1,0,49,49,5,3,0.32,40.5,57.5,5,1,0.39,67.5,30.5,5,8.14393,410.06437
803,art15,artificial,,97,114,6,0,2,1,3,0,40,58,2,4,0.56,66.5,31.5,2,0.2,0.00152,0.00768,0,0,4,8,2,5,0.44,54.5,43.5,2,7,0.44,51.5,46.5,1,8,0,9.5,88.5,2,7,0.44,51.5,46.5,1,1,0,49,49,1,1,0,49,49,5,3,0.32,40.5,57.5,5,1,0.39,67.5,30.5,0.5,13.15573,551.35203
803,art15,artificial,,97,114,6,0,2,1,3,0,40,58,2,4,0.56,66.5,31.5,2,0.2,0.00152,0.00768,0,0,4,8,2,5,0.44,54.5,43.5,2,7,0.44,51.5,46.5,1,8,0,9.5,88.5,2,7,0.44,51.5,46.5,1,1,0,49,49,1,1,0,49,49,5,3,0.32,40.5,57.5,5,1,0.39,67.5,30.5,1,13.72835,512.42347
803,art15,artificial,,97,114,6,0,2,1,3,0,40,58,2,4,0.56,66.5,31.5,2,0.2,0.00152,0.00768,0,0,4,8,2,5,0.44,54.5,43.5,2,7,0.44,51.5,46.5,1,8,0,9.5,88.5,2,7,0.44,51.5,46.5,1,1,0,49,49,1,1,0,49,49,5,3,0.32,40.5,57.5,5,1,0.39,67.5,30.5,5,6.84363,334.28868
804,art15,artificial,,97,114,6,0,2,1,3,0,40,58,2,4,0.56,66.5,31.5,2,0.2,0.00152,0.00768,0,0,4,8,2,5,0.44,54.5,43.5,2,7,0.44,51.5,46.5,1,8,0,9.5,88.5,2,7,0.44,51.5,46.5,1,1,0,49,49,1,1,0,49,49,5,3,0.32,40.5,57.5,5,1,0.39,67.5,30.5,0.5,13.24445,487.37409
804,art15,artificial,,97,114,6,0,2,1,3,0,40,58,2,4,0.56,66.5,31.5,2,0.2,0.00152,0.00768,0,0,4,8,2,5,0.44,54.5,43.5,2,7,0.44,51.5,46.5,1,8,0,9.5,88.5,2,7,0.44,51.5,46.5,1,1,0,49,49,1,1,0,49,49,5,3,0.32,40.5,57.5,5,1,0.39,67.5,30.5,1,13.88848,608.96833
804,art15,artificial,,97,114,6,0,2,1,3,0,40,58,2,4,0.56,66.5,31.5,2,0.2,0.00152,0.00768,0,0,4,8,2,5,0.44,54.5,43.5,2,7,0.44,51.5,46.5,1,8,0,9.5,88.5,2,7,0.44,51.5,46.5,1,1,0,49,49,1,1,0,49,49,5,3,0.32,40.5,57.5,5,1,0.39,67.5,30.5,5,5.82131,168.80015
805,art15,artificial,,97,114,6,0,4,1,3,0,40,58,3,3,0.81,84.5,13.5,4,139.5,0.00178,0.0144,0,0,2.2,7,4,3,0.81,84.5,13.5,3,6,0.62,66.5,31.5,3,6,0.62,66.5,31.5,6,3,0.81,84.5,13.5,1,1,0,49,49,1,1,0,49,49,2,6,0.06,12.5,85.5,4,2,0.2,28.5,69.5,0.5,32.80467,2073.62429
805,art15,artificial,,97,114,6,0,4,1,3,0,40,58,3,3,0.81,84.5,13.5,4,139.5,0.00178,0.0144,0,0,2.2,7,4,3,0.81,84.5,13.5,3,6,0.62,66.5,31.5,3,6,0.62,66.5,31.5,6,3,0.81,84.5,13.5,1,1,0,49,49,1,1,0,49,49,2,6,0.06,12.5,85.5,4,2,0.2,28.5,69.5,1,30.20786,1783.21451
805,art15,artificial,,97,114,6,0,4,1,3,0,40,58,3,3,0.81,84.5,13.5,4,139.5,0.00178,0.0144,0,0,2.2,7,4,3,0.81,84.5,13.5,3,6,0.62,66.5,31.5,3,6,0.62,66.5,31.5,6,3,0.81,84.5,13.5,1,1,0,49,49,1,1,0,49,49,2,6,0.06,12.5,85.5,4,2,0.2,28.5,69.5,5,12.69689,1063.28687
806,art15,artificial,,97,114,6,0,4,1,3,0,40,58,3,3,0.81,84.5,13.5,4,139.5,0.00178,0.0144,0,0,2.2,7,4,3,0.81,84.5,13.5,3,6,0.62,66.5,31.5,3,6,0.62,66.5,31.5,6,3,0.81,84.5,13.5,1,1,0,49,49,1,1,0,49,49,2,6,0.06,12.5,85.5,4,2,0.2,28.5,69.5,0.5,32.81469,2062.07009
806,art15,artificial,,97,114,6,0,4,1,3,0,40,58,3,3,0.81,84.5,13.5,4,139.5,0.00178,0.0144,0,0,2.2,7,4,3,0.81,84.5,13.5,3,6,0.62,66.5,31.5,3,6,0.62,66.5,31.5,6,3,0.81,84.5,13.5,1,1,0,49,49,1,1,0,49,49,2,6,0.06,12.5,85.5,4,2,0.2,28.5,69.5,1,30.48427,1805.31084
806,art15,artificial,,97,114,6,0,4,1,3,0,40,58,3,3,0.81,84.5,13.5,4,139.5,0.00178,0.0144,0,0,2.2,7,4,3,0.81,84.5,13.5,3,6,0.62,66.5,31.5,3,6,0.62,66.5,31.5,6,3,0.81,84.5,13.5,1,1,0,49,49,1,1,0,49,49,2,6,0.06,12.5,85.5,4,2,0.2,28.5,69.5,5,12.68461,1064.98229
901,art15,artificial,,97,114,9,0,8,1,3,0,40,58,5,1,0.95,94.5,3.5,8,644,0.00182,0.0396,0,0,1.1,7,6,1,0.95,94.5,3.5,5,4,0.81,81.5,16.5,4,5,0.75,75.5,22.5,8,1,0.95,94.5,3.5,1,1,0,49,49,1,1,0,49,49,1,7,0,3.5,94.5,4,2,0.2,28.5,69.5,0.5,13.9407,434.10957
901,art15,artificial,,97,114,9,0,8,1,3,0,40,58,5,1,0.95,94.5,3.5,8,644,0.00182,0.0396,0,0,1.1,7,6,1,0.95,94.5,3.5,5,4,0.81,81.5,16.5,4,5,0.75,75.5,22.5,8,1,0.95,94.5,3.5,1,1,0,49,49,1,1,0,49,49,1,7,0,3.5,94.5,4,2,0.2,28.5,69.5,1,12.75062,422.24526
901,art15,artificial,,97,114,9,0,8,1,3,0,40,58,5,1,0.95,94.5,3.5,8,644,0.00182,0.0396,0,0,1.1,7,6,1,0.95,94.5,3.5,5,4,0.81,81.5,16.5,4,5,0.75,75.5,22.5,8,1,0.95,94.5,3.5,1,1,0,49,49,1,1,0,49,49,1,7,0,3.5,94.5,4,2,0.2,28.5,69.5,5,7.45512,337.39272
902,art15,artificial,,97,114,9,1,1,2,2,0.82,85.5,12.5,1,5,0,27.5,70.5,2,704,0.00214,0.009,0,0,5.5,6,2,5,0.44,54.5,43.5,6,3,0.88,87.5,10.5,6,3,0.88,87.5,10.5,3,6,0.62,63.5,34.5,1,1,0,49,49,1,1,0,49,49,6,2,0.51,52.5,45.5,3,3,0.07,13.5,84.5,0.5,13.63989,528.40464
902,art15,artificial,,97,114,9,1,1,2,2,0.82,85.5,12.5,1,5,0,27.5,70.5,2,704,0.00214,0.009,0,0,5.5,6,2,5,0.44,54.5,43.5,6,3,0.88,87.5,10.5,6,3,0.88,87.5,10.5,3,6,0.62,63.5,34.5,1,1,0,49,49,1,1,0,49,49,6,2,0.51,52.5,45.5,3,3,0.07,13.5,84.5,1,14.14334,522.83015
902,art15,artificial,,97,114,9,1,1,2,2,0.82,85.5,12.5,1,5,0,27.5,70.5,2,704,0.00214,0.009,0,0,5.5,6,2,5,0.44,54.5,43.5,6,3,0.88,87.5,10.5,6,3,0.88,87.5,10.5,3,6,0.62,63.5,34.5,1,1,0,49,49,1,1,0,49,49,6,2,0.51,52.5,45.5,3,3,0.07,13.5,84.5,5,7.43652,343.08417
903,art15,artificial,,97,114,9,0,1,1,3,0,40,58,1,5,0,27.5,70.5,1,0,0.00155,0.00576,0,0,8,8,1,6,0,21.5,76.5,1,8,0,21.5,76.5,2,7,0.19,39.5,58.5,1,8,0,21.5,76.5,1,1,0,49,49,1,1,0,49,49,7,1,0.57,76.5,21.5,5,1,0.39,67.5,30.5,0.5,35.65569,2121.18144
903,art15,artificial,,97,114,9,0,1,1,3,0,40,58,1,5,0,27.5,70.5,1,0,0.00155,0.00576,0,0,8,8,1,6,0,21.5,76.5,1,8,0,21.5,76.5,2,7,0.19,39.5,58.5,1,8,0,21.5,76.5,1,1,0,49,49,1,1,0,49,49,7,1,0.57,76.5,21.5,5,1,0.39,67.5,30.5,1,35.66928,2178.86543
903,art15,artificial,,97,114,9,0,1,1,3,0,40,58,1,5,0,27.5,70.5,1,0,0.00155,0.00576,0,0,8,8,1,6,0,21.5,76.5,1,8,0,21.5,76.5,2,7,0.19,39.5,58.5,1,8,0,21.5,76.5,1,1,0,49,49,1,1,0,49,49,7,1,0.57,76.5,21.5,5,1,0.39,67.5,30.5,5,18.86246,1503.22322
904,art15,artificial,,97,114,9,0,1,1,3,0,40,58,1,5,0,27.5,70.5,1,0,0.00155,0.00576,0,0,8,8,1,6,0,21.5,76.5,1,8,0,21.5,76.5,2,7,0.19,39.5,58.5,1,8,0,21.5,76.5,1,1,0,49,49,1,1,0,49,49,7,1,0.57,76.5,21.5,5,1,0.39,67.5,30.5,0.5,35.38873,2105.70394
904,art15,artificial,,97,114,9,0,1,1,3,0,40,58,1,5,0,27.5,70.5,1,0,0.00155,0.00576,0,0,8,8,1,6,0,21.5,76.5,1,8,0,21.5,76.5,2,7,0.19,39.5,58.5,1,8,0,21.5,76.5,1,1,0,49,49,1,1,0,49,49,7,1,0.57,76.5,21.5,5,1,0.39,67.5,30.5,1,34.67833,1976.90249
904,art15,artificial,,97,114,9,0,1,1,3,0,40,58,1,5,0,27.5,70.5,1,0,0.00155,0.00576,0,0,8,8,1,6,0,21.5,76.5,1,8,0,21.5,76.5,2,7,0.19,39.5,58.5,1,8,0,21.5,76.5,1,1,0,49,49,1,1,0,49,49,7,1,0.57,76.5,21.5,5,1,0.39,67.5,30.5,5,18.29289,1042.19483
905,art15,artificial,,97,114,9,0,1,1,3,0,40,58,1,5,0,27.5,70.5,1,0,0.00155,0.00576,0,0,8,8,1,6,0,21.5,76.5,1,8,0,21.5,76.5,2,7,0.19,39.5,58.5,1,8,0,21.5,76.5,1,1,0,49,49,1,1,0,49,49,7,1,0.57,76.5,21.5,5,1,0.39,67.5,30.5,0.5,35.24781,2087.08344
905,art15,artificial,,97,114,9,0,1,1,3,0,40,58,1,5,0,27.5,70.5,1,0,0.00155,0.00576,0,0,8,8,1,6,0,21.5,76.5,1,8,0,21.5,76.5,2,7,0.19,39.5,58.5,1,8,0,21.5,76.5,1,1,0,49,49,1,1,0,49,49,7,1,0.57,76.5,21.5,5,1,0.39,67.5,30.5,1,34.06001,1926.89757
905,art15,artificial,,97,114,9,0,1,1,3,0,40,58,1,5,0,27.5,70.5,1,0,0.00155,0.00576,0,0,8,8,1,6,0,21.5,76.5,1,8,0,21.5,76.5,2,7,0.19,39.5,58.5,1,8,0,21.5,76.5,1,1,0,49,49,1,1,0,49,49,7,1,0.57,76.5,21.5,5,1,0.39,67.5,30.5,5,18.63193,1153.48957
906,art15,artificial,,97,114,9,0,1,1,3,0,40,58,1,5,0,27.5,70.5,1,0,0.00155,0.00576,0,0,8,8,1,6,0,21.5,76.5,1,8,0,21.5,76.5,2,7,0.19,39.5,58.5,1,8,0,21.5,76.5,1,1,0,49,49,1,1,0,49,49,7,1,0.57,76.5,21.5,5,1,0.39,67.5,30.5,0.5,35.95102,2092.09691
906,art15,artificial,,97,114,9,0,1,1,3,0,40,58,1,5,0,27.5,70.5,1,0,0.00155,0.00576,0,0,8,8,1,6,0,21.5,76.5,1,8,0,21.5,76.5,2,7,0.19,39.5,58.5,1,8,0,21.5,76.5,1,1,0,49,49,1,1,0,49,49,7,1,0.57,76.5,21.5,5,1,0.39,67.5,30.5,1,35.0661,1972.16792
906,art15,artificial,,97,114,9,0,1,1,3,0,40,58,1,5,0,27.5,70.5,1,0,0.00155,0.00576,0,0,8,8,1,6,0,21.5,76.5,1,8,0,21.5,76.5,2,7,0.19,39.5,58.5,1,8,0,21.5,76.5,1,1,0,49,49,1,1,0,49,49,7,1,0.57,76.5,21.5,5,1,0.39,67.5,30.5,5,18.58996,1204.48573
907,art15,artificial,,97,114,9,0,1,1,3,0,40,58,1,5,0,27.5,70.5,1,0,0.00155,0.00576,0,0,8,8,1,6,0,21.5,76.5,1,8,0,21.5,76.5,2,7,0.19,39.5,58.5,1,8,0,21.5,76.5,1,1,0,49,49,1,1,0,49,49,7,1,0.57,76.5,21.5,5,1,0.39,67.5,30.5,0.5,36.52946,2067.64012
907,art15,artificial,,97,114,9,0,1,1,3,0,40,58,1,5,0,27.5,70.5,1,0,0.00155,0.00576,0,0,8,8,1,6,0,21.5,76.5,1,8,0,21.5,76.5,2,7,0.19,39.5,58.5,1,8,0,21.5,76.5,1,1,0,49,49,1,1,0,49,49,7,1,0.57,76.5,21.5,5,1,0.39,67.5,30.5,1,35.34548,1935.64675
907,art15,artificial,,97,114,9,0,1,1,3,0,40,58,1,5,0,27.5,70.5,1,0,0.00155,0.00576,0,0,8,8,1,6,0,21.5,76.5,1,8,0,21.5,76.5,2,7,0.19,39.5,58.5,1,8,0,21.5,76.5,1,1,0,49,49,1,1,0,49,49,7,1,0.57,76.5,21.5,5,1,0.39,67.5,30.5,5,18.96562,1231.48959
908,art15,artificial,,97,114,9,0,1,1,3,0,40,58,1,5,0,27.5,70.5,1,0,0.00155,0.00576,0,0,8,8,1,6,0,21.5,76.5,1,8,0,21.5,76.5,2,7,0.19,39.5,58.5,1,8,0,21.5,76.5,1,1,0,49,49,1,1,0,49,49,7,1,0.57,76.5,21.5,5,1,0.39,67.5,30.5,0.5,36.20025,2283.94475
908,art15,artificial,,97,114,9,0,1,1,3,0,40,58,1,5,0,27.5,70.5,1,0,0.00155,0.00576,0,0,8,8,1,6,0,21.5,76.5,1,8,0,21.5,76.5,2,7,0.19,39.5,58.5,1,8,0,21.5,76.5,1,1,0,49,49,1,1,0,49,49,7,1,0.57,76.5,21.5,5,1,0.39,67.5,30.5,1,34.6534,1958.12003
908,art15,artificial,,97,114,9,0,1,1,3,0,40,58,1,5,0,27.5,70.5,1,0,0.00155,0.00576,0,0,8,8,1,6,0,21.5,76.5,1,8,0,21.5,76.5,2,7,0.19,39.5,58.5,1,8,0,21.5,76.5,1,1,0,49,49,1,1,0,49,49,7,1,0.57,76.5,21.5,5,1,0.39,67.5,30.5,5,19.40308,1193.847
909,art15,artificial,,97,114,9,0,1,1,3,0,40,58,1,5,0,27.5,70.5,1,0,0.00155,0.00576,0,0,8,8,1,6,0,21.5,76.5,1,8,0,21.5,76.5,2,7,0.19,39.5,58.5,1,8,0,21.5,76.5,1,1,0,49,49,1,1,0,49,49,7,1,0.57,76.5,21.5,5,1,0.39,67.5,30.5,0.5,36.7175,2128.04193
909,art15,artificial,,97,114,9,0,1,1,3,0,40,58,1,5,0,27.5,70.5,1,0,0.00155,0.00576,0,0,8,8,1,6,0,21.5,76.5,1,8,0,21.5,76.5,2,7,0.19,39.5,58.5,1,8,0,21.5,76.5,1,1,0,49,49,1,1,0,49,49,7,1,0.57,76.5,21.5,5,1,0.39,67.5,30.5,1,37.21165,2259.1598
909,art15,artificial,,97,114,9,0,1,1,3,0,40,58,1,5,0,27.5,70.5,1,0,0.00155,0.00576,0,0,8,8,1,6,0,21.5,76.5,1,8,0,21.5,76.5,2,7,0.19,39.5,58.5,1,8,0,21.5,76.5,1,1,0,49,49,1,1,0,49,49,7,1,0.57,76.5,21.5,5,1,0.39,67.5,30.5,5,19.51136,1306.34914
