graphName,type,version,totalNodes,totalEdges,communitySize,intra-degree,inter-degree,intra-degree_denseRank,intra-degree_reverseDenseRank,intra-degree_percentRank,intra-degree_averageRank,intra-degree_reverseAverageRank,inter-degree_denseRank,inter-degree_reverseDenseRank,inter-degree_percentRank,inter-degree_averageRank,inter-degree_reverseAverageRank,name,degree,betweenness,closeness,pageRank,transitivity,triangleCount,knn,eccentricity,degree_denseRank,degree_reverseDenseRank,degree_percentRank,degree_averageRank,degree_reverseAverageRank,betweenness_denseRank,betweenness_reverseDenseRank,betweenness_percentRank,betweenness_averageRank,betweenness_reverseAverageRank,closeness_denseRank,closeness_reverseDenseRank,closeness_percentRank,closeness_averageRank,closeness_reverseAverageRank,pageRank_denseRank,pageRank_reverseDenseRank,pageRank_percentRank,pageRank_averageRank,pageRank_reverseAverageRank,transitivity_denseRank,transitivity_reverseDenseRank,transitivity_percentRank,transitivity_averageRank,transitivity_reverseAverageRank,triangleCount_denseRank,triangleCount_reverseDenseRank,triangleCount_percentRank,triangleCount_averageRank,triangleCount_reverseAverageRank,knn_denseRank,knn_reverseDenseRank,knn_percentRank,knn_averageRank,knn_reverseAverageRank,eccentricity_denseRank,eccentricity_reverseDenseRank,eccentricity_percentRank,eccentricity_averageRank,eccentricity_reverseAverageRank,tau,sentinel,sentinelVar
erdosrenyi51,erdosrenyi,,51,197,,,,,,,,,,,,,,0,3,1.1,0.008,0.00922,0.333,1,10.7,3,2,11,0.02,4,48,5,45,0.08,5,47,3,22,0.06,4,48,3,43,0.04,3,49,27,2,0.9,47.5,4.5,2,12,0.04,6,46,27,4,0.94,48,4,1,2,0,17.5,34.5,0.5,3.64602,49.53467
erdosrenyi51,erdosrenyi,,51,197,,,,,,,,,,,,,,0,3,1.1,0.008,0.00922,0.333,1,10.7,3,2,11,0.02,4,48,5,45,0.08,5,47,3,22,0.06,4,48,3,43,0.04,3,49,27,2,0.9,47.5,4.5,2,12,0.04,6,46,27,4,0.94,48,4,1,2,0,17.5,34.5,1,2.16777,42.91733
erdosrenyi51,erdosrenyi,,51,197,,,,,,,,,,,,,,0,3,1.1,0.008,0.00922,0.333,1,10.7,3,2,11,0.02,4,48,5,45,0.08,5,47,3,22,0.06,4,48,3,43,0.04,3,49,27,2,0.9,47.5,4.5,2,12,0.04,6,46,27,4,0.94,48,4,1,2,0,17.5,34.5,5,0.25576,0.06258
erdosrenyi51,erdosrenyi,,51,197,,,,,,,,,,,,,,1,1,0,0.00633,0.00553,0,0,6,4,1,12,0,1,51,1,49,0,1,51,1,24,0,1,51,1,45,0,1,51,1,28,0,1.5,50.5,1,13,0,1.5,50.5,1,30,0,1,51,2,1,0.68,43,9,0.5,6.93072,132.96651
erdosrenyi51,erdosrenyi,,51,197,,,,,,,,,,,,,,1,1,0,0.00633,0.00553,0,0,6,4,1,12,0,1,51,1,49,0,1,51,1,24,0,1,51,1,45,0,1,51,1,28,0,1.5,50.5,1,13,0,1.5,50.5,1,30,0,1,51,2,1,0.68,43,9,1,5.29611,144.96697
erdosrenyi51,erdosrenyi,,51,197,,,,,,,,,,,,,,1,1,0,0.00633,0.00553,0,0,6,4,1,12,0,1,51,1,49,0,1,51,1,24,0,1,51,1,45,0,1,51,1,28,0,1.5,50.5,1,13,0,1.5,50.5,1,30,0,1,51,2,1,0.68,43,9,5,2.21386,57.99676
erdosrenyi51,erdosrenyi,,51,197,,,,,,,,,,,,,,2,7,23.4,0.00943,0.0181,0.0952,2,8.6,3,5,8,0.36,22.5,29.5,26,24,0.54,28,24,13,12,0.44,24,28,20,26,0.46,24,28,4,25,0.08,5,47,3,11,0.18,14,38,11,20,0.32,17.5,34.5,1,2,0,17.5,34.5,0.5,2.71235,18.21849
erdosrenyi51,erdosrenyi,,51,197,,,,,,,,,,,,,,2,7,23.4,0.00943,0.0181,0.0952,2,8.6,3,5,8,0.36,22.5,29.5,26,24,0.54,28,24,13,12,0.44,24,28,20,26,0.46,24,28,4,25,0.08,5,47,3,11,0.18,14,38,11,20,0.32,17.5,34.5,1,2,0,17.5,34.5,1,0.97724,3.26815
erdosrenyi51,erdosrenyi,,51,197,,,,,,,,,,,,,,2,7,23.4,0.00943,0.0181,0.0952,2,8.6,3,5,8,0.36,22.5,29.5,26,24,0.54,28,24,13,12,0.44,24,28,20,26,0.46,24,28,4,25,0.08,5,47,3,11,0.18,14,38,11,20,0.32,17.5,34.5,1,2,0,17.5,34.5,5,0.14873,0.01933
erdosrenyi51,erdosrenyi,,51,197,,,,,,,,,,,,,,3,5,13.8,0.00862,0.014,0,0,7.4,4,3,10,0.12,9,43,16,34,0.3,16,36,5,20,0.12,7,45,9,37,0.18,10.5,41.5,1,28,0,1.5,50.5,1,13,0,1.5,50.5,3,28,0.04,4,48,2,1,0.68,43,9,0.5,3.58257,35.65264
erdosrenyi51,erdosrenyi,,51,197,,,,,,,,,,,,,,3,5,13.8,0.00862,0.014,0,0,7.4,4,3,10,0.12,9,43,16,34,0.3,16,36,5,20,0.12,7,45,9,37,0.18,10.5,41.5,1,28,0,1.5,50.5,1,13,0,1.5,50.5,3,28,0.04,4,48,2,1,0.68,43,9,1,1.1404,2.40813
erdosrenyi51,erdosrenyi,,51,197,,,,,,,,,,,,,,3,5,13.8,0.00862,0.014,0,0,7.4,4,3,10,0.12,9,43,16,34,0.3,16,36,5,20,0.12,7,45,9,37,0.18,10.5,41.5,1,28,0,1.5,50.5,1,13,0,1.5,50.5,3,28,0.04,4,48,2,1,0.68,43,9,5,0.16982,0.01953
erdosrenyi51,erdosrenyi,,51,197,,,,,,,,,,,,,,4,9,27.5,0.0101,0.0219,0.222,8,8.9,3,7,6,0.66,35.5,16.5,29,21,0.6,31,21,19,6,0.76,39.5,12.5,30,16,0.68,35,17,20,9,0.72,37,15,9,5,0.76,41,11,14,17,0.44,24,28,1,2,0,17.5,34.5,0.5,1.91434,4.46204
erdosrenyi51,erdosrenyi,,51,197,,,,,,,,,,,,,,4,9,27.5,0.0101,0.0219,0.222,8,8.9,3,7,6,0.66,35.5,16.5,29,21,0.6,31,21,19,6,0.76,39.5,12.5,30,16,0.68,35,17,20,9,0.72,37,15,9,5,0.76,41,11,14,17,0.44,24,28,1,2,0,17.5,34.5,1,0.80419,0.584
erdosrenyi51,erdosrenyi,,51,197,,,,,,,,,,,,,,4,9,27.5,0.0101,0.0219,0.222,8,8.9,3,7,6,0.66,35.5,16.5,29,21,0.6,31,21,19,6,0.76,39.5,12.5,30,16,0.68,35,17,20,9,0.72,37,15,9,5,0.76,41,11,14,17,0.44,24,28,1,2,0,17.5,34.5,5,0.13697,0.02747
erdosrenyi51,erdosrenyi,,51,197,,,,,,,,,,,,,,5,3,0.5,0.00769,0.00931,0.667,2,9.7,4,2,11,0.02,4,48,2,48,0.02,2,50,2,23,0.02,2.5,49.5,4,42,0.06,4,48,28,1,0.98,50.5,1.5,3,11,0.18,14,38,22,9,0.8,41.5,10.5,2,1,0.68,43,9,0.5,4.22944,61.00039
erdosrenyi51,erdosrenyi,,51,197,,,,,,,,,,,,,,5,3,0.5,0.00769,0.00931,0.667,2,9.7,4,2,11,0.02,4,48,2,48,0.02,2,50,2,23,0.02,2.5,49.5,4,42,0.06,4,48,28,1,0.98,50.5,1.5,3,11,0.18,14,38,22,9,0.8,41.5,10.5,2,1,0.68,43,9,1,1.95512,22.39793
erdosrenyi51,erdosrenyi,,51,197,,,,,,,,,,,,,,5,3,0.5,0.00769,0.00931,0.667,2,9.7,4,2,11,0.02,4,48,2,48,0.02,2,50,2,23,0.02,2.5,49.5,4,42,0.06,4,48,28,1,0.98,50.5,1.5,3,11,0.18,14,38,22,9,0.8,41.5,10.5,2,1,0.68,43,9,5,0.26495,1.0521
erdosrenyi51,erdosrenyi,,51,197,,,,,,,,,,,,,,6,5,11.2,0.00909,0.0135,0.1,1,10.2,3,3,10,0.12,9,43,11,39,0.2,11,41,9,16,0.26,14.5,37.5,7,39,0.12,7.5,44.5,5,24,0.1,7,45,2,12,0.04,6,46,25,6,0.9,46,6,1,2,0,17.5,34.5,0.5,2.63662,14.56646
erdosrenyi51,erdosrenyi,,51,197,,,,,,,,,,,,,,6,5,11.2,0.00909,0.0135,0.1,1,10.2,3,3,10,0.12,9,43,11,39,0.2,11,41,9,16,0.26,14.5,37.5,7,39,0.12,7.5,44.5,5,24,0.1,7,45,2,12,0.04,6,46,25,6,0.9,46,6,1,2,0,17.5,34.5,1,1.06762,2.30929
erdosrenyi51,erdosrenyi,,51,197,,,,,,,,,,,,,,6,5,11.2,0.00909,0.0135,0.1,1,10.2,3,3,10,0.12,9,43,11,39,0.2,11,41,9,16,0.26,14.5,37.5,7,39,0.12,7.5,44.5,5,24,0.1,7,45,2,12,0.04,6,46,25,6,0.9,46,6,1,2,0,17.5,34.5,5,0.15549,0.0213
erdosrenyi51,erdosrenyi,,51,197,,,,,,,,,,,,,,7,12,43.6,0.0109,0.0281,0.227,15,9.5,3,10,3,0.86,45.5,6.5,37,13,0.76,39,13,22,3,0.9,47.5,4.5,39,7,0.86,44.5,7.5,21,8,0.74,38,14,13,1,0.96,50,2,20,11,0.72,37.5,14.5,1,2,0,17.5,34.5,0.5,1.67156,3.34107
erdosrenyi51,erdosrenyi,,51,197,,,,,,,,,,,,,,7,12,43.6,0.0109,0.0281,0.227,15,9.5,3,10,3,0.86,45.5,6.5,37,13,0.76,39,13,22,3,0.9,47.5,4.5,39,7,0.86,44.5,7.5,21,8,0.74,38,14,13,1,0.96,50,2,20,11,0.72,37.5,14.5,1,2,0,17.5,34.5,1,0.69018,0.38289
erdosrenyi51,erdosrenyi,,51,197,,,,,,,,,,,,,,7,12,43.6,0.0109,0.0281,0.227,15,9.5,3,10,3,0.86,45.5,6.5,37,13,0.76,39,13,22,3,0.9,47.5,4.5,39,7,0.86,44.5,7.5,21,8,0.74,38,14,13,1,0.96,50,2,20,11,0.72,37.5,14.5,1,2,0,17.5,34.5,5,0.11712,0.01343
erdosrenyi51,erdosrenyi,,51,197,,,,,,,,,,,,,,8,7,26.6,0.00917,0.0188,0.143,3,7.1,4,5,8,0.36,22.5,29.5,28,22,0.58,30,22,10,15,0.3,17,35,22,24,0.5,26,26,11,18,0.4,23,29,4,10,0.36,20.5,31.5,2,29,0.02,2,50,2,1,0.68,43,9,0.5,2.8902,38.89842
erdosrenyi51,erdosrenyi,,51,197,,,,,,,,,,,,,,8,7,26.6,0.00917,0.0188,0.143,3,7.1,4,5,8,0.36,22.5,29.5,28,22,0.58,30,22,10,15,0.3,17,35,22,24,0.5,26,26,11,18,0.4,23,29,4,10,0.36,20.5,31.5,2,29,0.02,2,50,2,1,0.68,43,9,1,1.13937,8.94922
erdosrenyi51,erdosrenyi,,51,197,,,,,,,,,,,,,,8,7,26.6,0.00917,0.0188,0.143,3,7.1,4,5,8,0.36,22.5,29.5,28,22,0.58,30,22,10,15,0.3,17,35,22,24,0.5,26,26,11,18,0.4,23,29,4,10,0.36,20.5,31.5,2,29,0.02,2,50,2,1,0.68,43,9,5,0.15043,0.02043
erdosrenyi51,erdosrenyi,,51,197,,,,,,,,,,,,,,9,12,69.4,0.0105,0.0293,0.121,8,7.9,3,10,3,0.86,45.5,6.5,46,4,0.94,48,4,21,4,0.84,44,8,41,5,0.92,47,5,8,21,0.2,11.5,40.5,9,5,0.76,41,11,6,25,0.18,10.5,41.5,1,2,0,17.5,34.5,0.5,1.92525,9.34375
erdosrenyi51,erdosrenyi,,51,197,,,,,,,,,,,,,,9,12,69.4,0.0105,0.0293,0.121,8,7.9,3,10,3,0.86,45.5,6.5,46,4,0.94,48,4,21,4,0.84,44,8,41,5,0.92,47,5,8,21,0.2,11.5,40.5,9,5,0.76,41,11,6,25,0.18,10.5,41.5,1,2,0,17.5,34.5,1,0.75805,5.14198
erdosrenyi51,erdosrenyi,,51,197,,,,,,,,,,,,,,9,12,69.4,0.0105,0.0293,0.121,8,7.9,3,10,3,0.86,45.5,6.5,46,4,0.94,48,4,21,4,0.84,44,8,41,5,0.92,47,5,8,21,0.2,11.5,40.5,9,5,0.76,41,11,6,25,0.18,10.5,41.5,1,2,0,17.5,34.5,5,0.12269,0.01356
erdosrenyi51,erdosrenyi,,51,197,,,,,,,,,,,,,,10,3,1.9,0.00813,0.00935,0.333,1,9.7,4,2,11,0.02,4,48,6,44,0.1,6,46,4,21,0.08,5.5,46.5,5,41,0.08,5,47,27,2,0.9,47.5,4.5,2,12,0.04,6,46,22,9,0.8,41.5,10.5,2,1,0.68,43,9,0.5,4.48947,75.01919
erdosrenyi51,erdosrenyi,,51,197,,,,,,,,,,,,,,10,3,1.9,0.00813,0.00935,0.333,1,9.7,4,2,11,0.02,4,48,6,44,0.1,6,46,4,21,0.08,5.5,46.5,5,41,0.08,5,47,27,2,0.9,47.5,4.5,2,12,0.04,6,46,22,9,0.8,41.5,10.5,2,1,0.68,43,9,1,2.63946,64.00811
erdosrenyi51,erdosrenyi,,51,197,,,,,,,,,,,,,,10,3,1.9,0.00813,0.00935,0.333,1,9.7,4,2,11,0.02,4,48,6,44,0.1,6,46,4,21,0.08,5.5,46.5,5,41,0.08,5,47,27,2,0.9,47.5,4.5,2,12,0.04,6,46,22,9,0.8,41.5,10.5,2,1,0.68,43,9,5,0.43177,8.97209
erdosrenyi51,erdosrenyi,,51,197,,,,,,,,,,,,,,11,6,14.4,0.00917,0.0157,0.133,2,8.8,3,4,9,0.22,15,37,18,32,0.34,19,33,10,15,0.3,17,35,11,35,0.24,13,39,9,20,0.24,16,36,3,11,0.18,14,38,13,18,0.38,21,31,1,2,0,17.5,34.5,0.5,3.1166,45.93702
erdosrenyi51,erdosrenyi,,51,197,,,,,,,,,,,,,,11,6,14.4,0.00917,0.0157,0.133,2,8.8,3,4,9,0.22,15,37,18,32,0.34,19,33,10,15,0.3,17,35,11,35,0.24,13,39,9,20,0.24,16,36,3,11,0.18,14,38,13,18,0.38,21,31,1,2,0,17.5,34.5,1,1.34072,24.57199
erdosrenyi51,erdosrenyi,,51,197,,,,,,,,,,,,,,11,6,14.4,0.00917,0.0157,0.133,2,8.8,3,4,9,0.22,15,37,18,32,0.34,19,33,10,15,0.3,17,35,11,35,0.24,13,39,9,20,0.24,16,36,3,11,0.18,14,38,13,18,0.38,21,31,1,2,0,17.5,34.5,5,0.1475,0.01289
erdosrenyi51,erdosrenyi,,51,197,,,,,,,,,,,,,,12,6,10.2,0.00877,0.0159,0.267,4,8.7,4,4,9,0.22,15,37,10,40,0.18,10,42,7,18,0.18,10.5,41.5,12,34,0.26,14.5,37.5,24,5,0.84,43,9,5,9,0.44,26,26,12,19,0.36,19,33,2,1,0.68,43,9,0.5,2.98283,24.18061
erdosrenyi51,erdosrenyi,,51,197,,,,,,,,,,,,,,12,6,10.2,0.00877,0.0159,0.267,4,8.7,4,4,9,0.22,15,37,10,40,0.18,10,42,7,18,0.18,10.5,41.5,12,34,0.26,14.5,37.5,24,5,0.84,43,9,5,9,0.44,26,26,12,19,0.36,19,33,2,1,0.68,43,9,1,0.93057,1.10898
erdosrenyi51,erdosrenyi,,51,197,,,,,,,,,,,,,,12,6,10.2,0.00877,0.0159,0.267,4,8.7,4,4,9,0.22,15,37,10,40,0.18,10,42,7,18,0.18,10.5,41.5,12,34,0.26,14.5,37.5,24,5,0.84,43,9,5,9,0.44,26,26,12,19,0.36,19,33,2,1,0.68,43,9,5,0.15698,0.02124
erdosrenyi51,erdosrenyi,,51,197,,,,,,,,,,,,,,13,3,0.6,0.00769,0.00965,0.667,2,7.7,4,2,11,0.02,4,48,3,47,0.04,3,49,2,23,0.02,2.5,49.5,6,40,0.1,6,46,28,1,0.98,50.5,1.5,3,11,0.18,14,38,4,27,0.1,7,45,2,1,0.68,43,9,0.5,5.05357,79.22776
erdosrenyi51,erdosrenyi,,51,197,,,,,,,,,,,,,,13,3,0.6,0.00769,0.00965,0.667,2,7.7,4,2,11,0.02,4,48,3,47,0.04,3,49,2,23,0.02,2.5,49.5,6,40,0.1,6,46,28,1,0.98,50.5,1.5,3,11,0.18,14,38,4,27,0.1,7,45,2,1,0.68,43,9,1,2.83873,55.91971
erdosrenyi51,erdosrenyi,,51,197,,,,,,,,,,,,,,13,3,0.6,0.00769,0.00965,0.667,2,7.7,4,2,11,0.02,4,48,3,47,0.04,3,49,2,23,0.02,2.5,49.5,6,40,0.1,6,46,28,1,0.98,50.5,1.5,3,11,0.18,14,38,4,27,0.1,7,45,2,1,0.68,43,9,5,0.43797,21.07424
erdosrenyi51,erdosrenyi,,51,197,,,,,,,,,,,,,,14,12,47.8,0.0109,0.0281,0.167,11,9.2,3,10,3,0.86,45.5,6.5,41,9,0.84,43,9,22,3,0.9,47.5,4.5,39,7,0.86,44.5,7.5,15,14,0.56,29.5,22.5,11,3,0.88,46,6,17,14,0.54,30,22,1,2,0,17.5,34.5,0.5,1.66327,5.17769
erdosrenyi51,erdosrenyi,,51,197,,,,,,,,,,,,,,14,12,47.8,0.0109,0.0281,0.167,11,9.2,3,10,3,0.86,45.5,6.5,41,9,0.84,43,9,22,3,0.9,47.5,4.5,39,7,0.86,44.5,7.5,15,14,0.56,29.5,22.5,11,3,0.88,46,6,17,14,0.54,30,22,1,2,0,17.5,34.5,1,0.63956,0.30306
erdosrenyi51,erdosrenyi,,51,197,,,,,,,,,,,,,,14,12,47.8,0.0109,0.0281,0.167,11,9.2,3,10,3,0.86,45.5,6.5,41,9,0.84,43,9,22,3,0.9,47.5,4.5,39,7,0.86,44.5,7.5,15,14,0.56,29.5,22.5,11,3,0.88,46,6,17,14,0.54,30,22,1,2,0,17.5,34.5,5,0.11282,0.01117
erdosrenyi51,erdosrenyi,,51,197,,,,,,,,,,,,,,15,9,20,0.00971,0.0217,0.278,10,9.9,3,7,6,0.66,35.5,16.5,22,28,0.46,24,28,15,10,0.52,28,24,29,17,0.66,34,18,25,4,0.86,44,8,10,4,0.86,44,8,23,8,0.84,43,9,1,2,0,17.5,34.5,0.5,1.93974,11.64514
erdosrenyi51,erdosrenyi,,51,197,,,,,,,,,,,,,,15,9,20,0.00971,0.0217,0.278,10,9.9,3,7,6,0.66,35.5,16.5,22,28,0.46,24,28,15,10,0.52,28,24,29,17,0.66,34,18,25,4,0.86,44,8,10,4,0.86,44,8,23,8,0.84,43,9,1,2,0,17.5,34.5,1,0.70548,0.5423
erdosrenyi51,erdosrenyi,,51,197,,,,,,,,,,,,,,15,9,20,0.00971,0.0217,0.278,10,9.9,3,7,6,0.66,35.5,16.5,22,28,0.46,24,28,15,10,0.52,28,24,29,17,0.66,34,18,25,4,0.86,44,8,10,4,0.86,44,8,23,8,0.84,43,9,1,2,0,17.5,34.5,5,0.12872,0.01195
erdosrenyi51,erdosrenyi,,51,197,,,,,,,,,,,,,,16,8,27.8,0.0098,0.0203,0.143,4,9.4,3,6,7,0.52,30,22,30,20,0.62,32,20,16,9,0.58,31.5,20.5,27,19,0.62,32,20,11,18,0.4,23,29,5,9,0.44,26,26,19,12,0.66,35,17,1,2,0,17.5,34.5,0.5,2.21125,15.72903
erdosrenyi51,erdosrenyi,,51,197,,,,,,,,,,,,,,16,8,27.8,0.0098,0.0203,0.143,4,9.4,3,6,7,0.52,30,22,30,20,0.62,32,20,16,9,0.58,31.5,20.5,27,19,0.62,32,20,11,18,0.4,23,29,5,9,0.44,26,26,19,12,0.66,35,17,1,2,0,17.5,34.5,1,0.77148,0.50447
erdosrenyi51,erdosrenyi,,51,197,,,,,,,,,,,,,,16,8,27.8,0.0098,0.0203,0.143,4,9.4,3,6,7,0.52,30,22,30,20,0.62,32,20,16,9,0.58,31.5,20.5,27,19,0.62,32,20,11,18,0.4,23,29,5,9,0.44,26,26,19,12,0.66,35,17,1,2,0,17.5,34.5,5,0.12916,0.01208
erdosrenyi51,erdosrenyi,,51,197,,,,,,,,,,,,,,17,7,14.4,0.00926,0.0177,0.238,5,9.6,3,5,8,0.36,22.5,29.5,18,32,0.34,19,33,11,14,0.36,19.5,32.5,17,29,0.4,21,31,22,7,0.76,40,12,6,8,0.58,31,21,21,10,0.76,39.5,12.5,1,2,0,17.5,34.5,0.5,2.17675,11.6125
erdosrenyi51,erdosrenyi,,51,197,,,,,,,,,,,,,,17,7,14.4,0.00926,0.0177,0.238,5,9.6,3,5,8,0.36,22.5,29.5,18,32,0.34,19,33,11,14,0.36,19.5,32.5,17,29,0.4,21,31,22,7,0.76,40,12,6,8,0.58,31,21,21,10,0.76,39.5,12.5,1,2,0,17.5,34.5,1,0.9252,3.80842
erdosrenyi51,erdosrenyi,,51,197,,,,,,,,,,,,,,17,7,14.4,0.00926,0.0177,0.238,5,9.6,3,5,8,0.36,22.5,29.5,18,32,0.34,19,33,11,14,0.36,19.5,32.5,17,29,0.4,21,31,22,7,0.76,40,12,6,8,0.58,31,21,21,10,0.76,39.5,12.5,1,2,0,17.5,34.5,5,0.13403,0.01183
erdosrenyi51,erdosrenyi,,51,197,,,,,,,,,,,,,,18,5,9.5,0.00893,0.0137,0.1,1,9.2,4,3,10,0.12,9,43,9,41,0.16,9,43,8,17,0.22,12.5,39.5,8,38,0.16,9,43,5,24,0.1,7,45,2,12,0.04,6,46,17,14,0.54,30,22,2,1,0.68,43,9,0.5,3.91275,55.44767
erdosrenyi51,erdosrenyi,,51,197,,,,,,,,,,,,,,18,5,9.5,0.00893,0.0137,0.1,1,9.2,4,3,10,0.12,9,43,9,41,0.16,9,43,8,17,0.22,12.5,39.5,8,38,0.16,9,43,5,24,0.1,7,45,2,12,0.04,6,46,17,14,0.54,30,22,2,1,0.68,43,9,1,1.15724,9.07565
erdosrenyi51,erdosrenyi,,51,197,,,,,,,,,,,,,,18,5,9.5,0.00893,0.0137,0.1,1,9.2,4,3,10,0.12,9,43,9,41,0.16,9,43,8,17,0.22,12.5,39.5,8,38,0.16,9,43,5,24,0.1,7,45,2,12,0.04,6,46,17,14,0.54,30,22,2,1,0.68,43,9,5,0.21394,1.08935
erdosrenyi51,erdosrenyi,,51,197,,,,,,,,,,,,,,19,9,37.2,0.01,0.0227,0.167,6,8.4,3,7,6,0.66,35.5,16.5,32,18,0.66,34,18,18,7,0.7,37,15,31,15,0.7,36,16,15,14,0.56,29.5,22.5,7,7,0.64,34,18,9,22,0.26,14,38,1,2,0,17.5,34.5,0.5,2.42953,22.11323
erdosrenyi51,erdosrenyi,,51,197,,,,,,,,,,,,,,19,9,37.2,0.01,0.0227,0.167,6,8.4,3,7,6,0.66,35.5,16.5,32,18,0.66,34,18,18,7,0.7,37,15,31,15,0.7,36,16,15,14,0.56,29.5,22.5,7,7,0.64,34,18,9,22,0.26,14,38,1,2,0,17.5,34.5,1,0.72828,0.36301
erdosrenyi51,erdosrenyi,,51,197,,,,,,,,,,,,,,19,9,37.2,0.01,0.0227,0.167,6,8.4,3,7,6,0.66,35.5,16.5,32,18,0.66,34,18,18,7,0.7,37,15,31,15,0.7,36,16,15,14,0.56,29.5,22.5,7,7,0.64,34,18,9,22,0.26,14,38,1,2,0,17.5,34.5,5,0.12737,0.01198
erdosrenyi51,erdosrenyi,,51,197,,,,,,,,,,,,,,20,10,43.4,0.0098,0.0247,0.133,6,7.8,4,8,5,0.74,39.5,12.5,36,14,0.74,38,14,16,9,0.58,31.5,20.5,35,11,0.78,40,12,9,20,0.24,16,36,7,7,0.64,34,18,5,26,0.16,9,43,2,1,0.68,43,9,0.5,2.14574,20.20194
erdosrenyi51,erdosrenyi,,51,197,,,,,,,,,,,,,,20,10,43.4,0.0098,0.0247,0.133,6,7.8,4,8,5,0.74,39.5,12.5,36,14,0.74,38,14,16,9,0.58,31.5,20.5,35,11,0.78,40,12,9,20,0.24,16,36,7,7,0.64,34,18,5,26,0.16,9,43,2,1,0.68,43,9,1,0.70048,0.20614
erdosrenyi51,erdosrenyi,,51,197,,,,,,,,,,,,,,20,10,43.4,0.0098,0.0247,0.133,6,7.8,4,8,5,0.74,39.5,12.5,36,14,0.74,38,14,16,9,0.58,31.5,20.5,35,11,0.78,40,12,9,20,0.24,16,36,7,7,0.64,34,18,5,26,0.16,9,43,2,1,0.68,43,9,5,0.12259,0.01234
erdosrenyi51,erdosrenyi,,51,197,,,,,,,,,,,,,,21,6,17.1,0.0087,0.0165,0.133,2,8,4,4,9,0.22,15,37,20,30,0.42,22,30,6,19,0.14,8.5,43.5,14,32,0.32,17,35,9,20,0.24,16,36,3,11,0.18,14,38,7,24,0.22,12,40,2,1,0.68,43,9,0.5,3.22143,40.41132
erdosrenyi51,erdosrenyi,,51,197,,,,,,,,,,,,,,21,6,17.1,0.0087,0.0165,0.133,2,8,4,4,9,0.22,15,37,20,30,0.42,22,30,6,19,0.14,8.5,43.5,14,32,0.32,17,35,9,20,0.24,16,36,3,11,0.18,14,38,7,24,0.22,12,40,2,1,0.68,43,9,1,1.19026,9.14942
erdosrenyi51,erdosrenyi,,51,197,,,,,,,,,,,,,,21,6,17.1,0.0087,0.0165,0.133,2,8,4,4,9,0.22,15,37,20,30,0.42,22,30,6,19,0.14,8.5,43.5,14,32,0.32,17,35,9,20,0.24,16,36,3,11,0.18,14,38,7,24,0.22,12,40,2,1,0.68,43,9,5,0.15053,0.01857
erdosrenyi51,erdosrenyi,,51,197,,,,,,,,,,,,,,22,14,70.6,0.0111,0.0326,0.165,15,9.1,3,12,1,1,51,1,47,3,0.96,49,3,24,1,1,51,1,45,1,1,51,1,14,15,0.54,28,24,13,1,0.96,50,2,16,15,0.52,27,25,1,2,0,17.5,34.5,0.5,1.48851,3.20256
erdosrenyi51,erdosrenyi,,51,197,,,,,,,,,,,,,,22,14,70.6,0.0111,0.0326,0.165,15,9.1,3,12,1,1,51,1,47,3,0.96,49,3,24,1,1,51,1,45,1,1,51,1,14,15,0.54,28,24,13,1,0.96,50,2,16,15,0.52,27,25,1,2,0,17.5,34.5,1,0.60006,0.27931
erdosrenyi51,erdosrenyi,,51,197,,,,,,,,,,,,,,22,14,70.6,0.0111,0.0326,0.165,15,9.1,3,12,1,1,51,1,47,3,0.96,49,3,24,1,1,51,1,45,1,1,51,1,14,15,0.54,28,24,13,1,0.96,50,2,16,15,0.52,27,25,1,2,0,17.5,34.5,5,0.11001,0.01056
erdosrenyi51,erdosrenyi,,51,197,,,,,,,,,,,,,,23,13,64.5,0.011,0.0309,0.179,14,8.8,3,11,2,0.94,49,3,45,5,0.92,47,5,23,2,0.98,50,2,42,4,0.94,48,4,16,13,0.6,31,21,12,2,0.94,48,4,13,18,0.38,21,31,1,2,0,17.5,34.5,0.5,1.55523,5.38871
erdosrenyi51,erdosrenyi,,51,197,,,,,,,,,,,,,,23,13,64.5,0.011,0.0309,0.179,14,8.8,3,11,2,0.94,49,3,45,5,0.92,47,5,23,2,0.98,50,2,42,4,0.94,48,4,16,13,0.6,31,21,12,2,0.94,48,4,13,18,0.38,21,31,1,2,0,17.5,34.5,1,0.63646,0.26489
erdosrenyi51,erdosrenyi,,51,197,,,,,,,,,,,,,,23,13,64.5,0.011,0.0309,0.179,14,8.8,3,11,2,0.94,49,3,45,5,0.92,47,5,23,2,0.98,50,2,42,4,0.94,48,4,16,13,0.6,31,21,12,2,0.94,48,4,13,18,0.38,21,31,1,2,0,17.5,34.5,5,0.11499,0.01057
erdosrenyi51,erdosrenyi,,51,197,,,,,,,,,,,,,,24,8,21.8,0.0099,0.0199,0.107,3,9.4,3,6,7,0.52,30,22,25,25,0.52,27,25,17,8,0.66,34.5,17.5,24,22,0.54,28.5,23.5,6,23,0.16,9,43,4,10,0.36,20.5,31.5,19,12,0.66,35,17,1,2,0,17.5,34.5,0.5,2.62565,24.40594
erdosrenyi51,erdosrenyi,,51,197,,,,,,,,,,,,,,24,8,21.8,0.0099,0.0199,0.107,3,9.4,3,6,7,0.52,30,22,25,25,0.52,27,25,17,8,0.66,34.5,17.5,24,22,0.54,28.5,23.5,6,23,0.16,9,43,4,10,0.36,20.5,31.5,19,12,0.66,35,17,1,2,0,17.5,34.5,1,0.78638,0.62631
erdosrenyi51,erdosrenyi,,51,197,,,,,,,,,,,,,,24,8,21.8,0.0099,0.0199,0.107,3,9.4,3,6,7,0.52,30,22,25,25,0.52,27,25,17,8,0.66,34.5,17.5,24,22,0.54,28.5,23.5,6,23,0.16,9,43,4,10,0.36,20.5,31.5,19,12,0.66,35,17,1,2,0,17.5,34.5,5,0.13245,0.01211
erdosrenyi51,erdosrenyi,,51,197,,,,,,,,,,,,,,25,10,44.3,0.0103,0.0244,0.0889,4,8.6,3,8,5,0.74,39.5,12.5,38,12,0.78,40,12,20,5,0.8,41.5,10.5,33,13,0.74,38,14,3,26,0.06,4,48,5,9,0.44,26,26,11,20,0.32,17.5,34.5,1,2,0,17.5,34.5,0.5,1.88904,9.72699
erdosrenyi51,erdosrenyi,,51,197,,,,,,,,,,,,,,25,10,44.3,0.0103,0.0244,0.0889,4,8.6,3,8,5,0.74,39.5,12.5,38,12,0.78,40,12,20,5,0.8,41.5,10.5,33,13,0.74,38,14,3,26,0.06,4,48,5,9,0.44,26,26,11,20,0.32,17.5,34.5,1,2,0,17.5,34.5,1,0.69324,0.33637
erdosrenyi51,erdosrenyi,,51,197,,,,,,,,,,,,,,25,10,44.3,0.0103,0.0244,0.0889,4,8.6,3,8,5,0.74,39.5,12.5,38,12,0.78,40,12,20,5,0.8,41.5,10.5,33,13,0.74,38,14,3,26,0.06,4,48,5,9,0.44,26,26,11,20,0.32,17.5,34.5,1,2,0,17.5,34.5,5,0.11972,0.01111
erdosrenyi51,erdosrenyi,,51,197,,,,,,,,,,,,,,26,5,8.5,0.00893,0.0135,0.1,1,9.4,3,3,10,0.12,9,43,7,43,0.12,7,45,8,17,0.22,12.5,39.5,7,39,0.12,7.5,44.5,5,24,0.1,7,45,2,12,0.04,6,46,19,12,0.66,35,17,1,2,0,17.5,34.5,0.5,3.88038,61.84303
erdosrenyi51,erdosrenyi,,51,197,,,,,,,,,,,,,,26,5,8.5,0.00893,0.0135,0.1,1,9.4,3,3,10,0.12,9,43,7,43,0.12,7,45,8,17,0.22,12.5,39.5,7,39,0.12,7.5,44.5,5,24,0.1,7,45,2,12,0.04,6,46,19,12,0.66,35,17,1,2,0,17.5,34.5,1,1.37207,18.11964
erdosrenyi51,erdosrenyi,,51,197,,,,,,,,,,,,,,26,5,8.5,0.00893,0.0135,0.1,1,9.4,3,3,10,0.12,9,43,7,43,0.12,7,45,8,17,0.22,12.5,39.5,7,39,0.12,7.5,44.5,5,24,0.1,7,45,2,12,0.04,6,46,19,12,0.66,35,17,1,2,0,17.5,34.5,5,0.15307,0.01294
erdosrenyi51,erdosrenyi,,51,197,,,,,,,,,,,,,,27,6,14.4,0.00909,0.0159,0.133,2,9.2,4,4,9,0.22,15,37,18,32,0.34,19,33,9,16,0.26,14.5,37.5,12,34,0.26,14.5,37.5,9,20,0.24,16,36,3,11,0.18,14,38,17,14,0.54,30,22,2,1,0.68,43,9,0.5,3.04259,44.37938
erdosrenyi51,erdosrenyi,,51,197,,,,,,,,,,,,,,27,6,14.4,0.00909,0.0159,0.133,2,9.2,4,4,9,0.22,15,37,18,32,0.34,19,33,9,16,0.26,14.5,37.5,12,34,0.26,14.5,37.5,9,20,0.24,16,36,3,11,0.18,14,38,17,14,0.54,30,22,2,1,0.68,43,9,1,1.1832,9.02767
erdosrenyi51,erdosrenyi,,51,197,,,,,,,,,,,,,,27,6,14.4,0.00909,0.0159,0.133,2,9.2,4,4,9,0.22,15,37,18,32,0.34,19,33,9,16,0.26,14.5,37.5,12,34,0.26,14.5,37.5,9,20,0.24,16,36,3,11,0.18,14,38,17,14,0.54,30,22,2,1,0.68,43,9,5,0.15252,0.02297
erdosrenyi51,erdosrenyi,,51,197,,,,,,,,,,,,,,28,8,25.9,0.0099,0.0199,0.0357,1,9.2,4,6,7,0.52,30,22,27,23,0.56,29,23,17,8,0.66,34.5,17.5,24,22,0.54,28.5,23.5,2,27,0.04,3,49,2,12,0.04,6,46,17,14,0.54,30,22,2,1,0.68,43,9,0.5,2.60568,42.38405
erdosrenyi51,erdosrenyi,,51,197,,,,,,,,,,,,,,28,8,25.9,0.0099,0.0199,0.0357,1,9.2,4,6,7,0.52,30,22,27,23,0.56,29,23,17,8,0.66,34.5,17.5,24,22,0.54,28.5,23.5,2,27,0.04,3,49,2,12,0.04,6,46,17,14,0.54,30,22,2,1,0.68,43,9,1,0.7526,0.56108
erdosrenyi51,erdosrenyi,,51,197,,,,,,,,,,,,,,28,8,25.9,0.0099,0.0199,0.0357,1,9.2,4,6,7,0.52,30,22,27,23,0.56,29,23,17,8,0.66,34.5,17.5,24,22,0.54,28.5,23.5,2,27,0.04,3,49,2,12,0.04,6,46,17,14,0.54,30,22,2,1,0.68,43,9,5,0.13284,0.01425
erdosrenyi51,erdosrenyi,,51,197,,,,,,,,,,,,,,29,8,18.3,0.0098,0.0198,0.25,7,9.6,3,6,7,0.52,30,22,21,29,0.44,23,29,16,9,0.58,31.5,20.5,23,23,0.52,27,25,23,6,0.82,42,10,8,6,0.7,37,15,21,10,0.76,39.5,12.5,1,2,0,17.5,34.5,0.5,3.07774,65.36258
erdosrenyi51,erdosrenyi,,51,197,,,,,,,,,,,,,,29,8,18.3,0.0098,0.0198,0.25,7,9.6,3,6,7,0.52,30,22,21,29,0.44,23,29,16,9,0.58,31.5,20.5,23,23,0.52,27,25,23,6,0.82,42,10,8,6,0.7,37,15,21,10,0.76,39.5,12.5,1,2,0,17.5,34.5,1,0.7528,0.43877
erdosrenyi51,erdosrenyi,,51,197,,,,,,,,,,,,,,29,8,18.3,0.0098,0.0198,0.25,7,9.6,3,6,7,0.52,30,22,21,29,0.44,23,29,16,9,0.58,31.5,20.5,23,23,0.52,27,25,23,6,0.82,42,10,8,6,0.7,37,15,21,10,0.76,39.5,12.5,1,2,0,17.5,34.5,5,0.12548,0.01165
erdosrenyi51,erdosrenyi,,51,197,,,,,,,,,,,,,,30,11,46.8,0.0105,0.0265,0.2,11,9.5,3,9,4,0.82,42.5,9.5,40,10,0.82,42,10,21,4,0.84,44,8,37,9,0.82,42,10,19,10,0.66,35,17,11,3,0.88,46,6,20,11,0.72,37.5,14.5,1,2,0,17.5,34.5,0.5,1.89881,9.54943
erdosrenyi51,erdosrenyi,,51,197,,,,,,,,,,,,,,30,11,46.8,0.0105,0.0265,0.2,11,9.5,3,9,4,0.82,42.5,9.5,40,10,0.82,42,10,21,4,0.84,44,8,37,9,0.82,42,10,19,10,0.66,35,17,11,3,0.88,46,6,20,11,0.72,37.5,14.5,1,2,0,17.5,34.5,1,0.68611,0.3099
erdosrenyi51,erdosrenyi,,51,197,,,,,,,,,,,,,,30,11,46.8,0.0105,0.0265,0.2,11,9.5,3,9,4,0.82,42.5,9.5,40,10,0.82,42,10,21,4,0.84,44,8,37,9,0.82,42,10,19,10,0.66,35,17,11,3,0.88,46,6,20,11,0.72,37.5,14.5,1,2,0,17.5,34.5,5,0.11876,0.01106
erdosrenyi51,erdosrenyi,,51,197,,,,,,,,,,,,,,31,3,0.8,0.00813,0.00905,0.333,1,12.3,4,2,11,0.02,4,48,4,46,0.06,4,48,4,21,0.08,5.5,46.5,2,44,0.02,2,50,27,2,0.9,47.5,4.5,2,12,0.04,6,46,30,1,1,51,1,2,1,0.68,43,9,0.5,6.75179,161.15737
erdosrenyi51,erdosrenyi,,51,197,,,,,,,,,,,,,,31,3,0.8,0.00813,0.00905,0.333,1,12.3,4,2,11,0.02,4,48,4,46,0.06,4,48,4,21,0.08,5.5,46.5,2,44,0.02,2,50,27,2,0.9,47.5,4.5,2,12,0.04,6,46,30,1,1,51,1,2,1,0.68,43,9,1,3.02547,66.55148
erdosrenyi51,erdosrenyi,,51,197,,,,,,,,,,,,,,31,3,0.8,0.00813,0.00905,0.333,1,12.3,4,2,11,0.02,4,48,4,46,0.06,4,48,4,21,0.08,5.5,46.5,2,44,0.02,2,50,27,2,0.9,47.5,4.5,2,12,0.04,6,46,30,1,1,51,1,2,1,0.68,43,9,5,0.60198,15.74124
erdosrenyi51,erdosrenyi,,51,197,,,,,,,,,,,,,,32,9,45.2,0.00971,0.0232,0.111,4,7.4,3,7,6,0.66,35.5,16.5,39,11,0.8,41,11,15,10,0.52,28,24,32,14,0.72,37,15,7,22,0.18,10,42,5,9,0.44,26,26,3,28,0.04,4,48,1,2,0,17.5,34.5,0.5,2.51488,38.31226
erdosrenyi51,erdosrenyi,,51,197,,,,,,,,,,,,,,32,9,45.2,0.00971,0.0232,0.111,4,7.4,3,7,6,0.66,35.5,16.5,39,11,0.8,41,11,15,10,0.52,28,24,32,14,0.72,37,15,7,22,0.18,10,42,5,9,0.44,26,26,3,28,0.04,4,48,1,2,0,17.5,34.5,1,0.77344,0.47092
erdosrenyi51,erdosrenyi,,51,197,,,,,,,,,,,,,,32,9,45.2,0.00971,0.0232,0.111,4,7.4,3,7,6,0.66,35.5,16.5,39,11,0.8,41,11,15,10,0.52,28,24,32,14,0.72,37,15,7,22,0.18,10,42,5,9,0.44,26,26,3,28,0.04,4,48,1,2,0,17.5,34.5,5,0.13603,0.02468
erdosrenyi51,erdosrenyi,,51,197,,,,,,,,,,,,,,33,13,77.6,0.0109,0.0312,0.192,15,8.8,3,11,2,0.94,49,3,48,2,0.98,50,2,22,3,0.9,47.5,4.5,43,3,0.96,49,3,18,11,0.64,33,19,13,1,0.96,50,2,13,18,0.38,21,31,1,2,0,17.5,34.5,0.5,1.72794,8.96296
erdosrenyi51,erdosrenyi,,51,197,,,,,,,,,,,,,,33,13,77.6,0.0109,0.0312,0.192,15,8.8,3,11,2,0.94,49,3,48,2,0.98,50,2,22,3,0.9,47.5,4.5,43,3,0.96,49,3,18,11,0.64,33,19,13,1,0.96,50,2,13,18,0.38,21,31,1,2,0,17.5,34.5,1,0.6542,0.27114
erdosrenyi51,erdosrenyi,,51,197,,,,,,,,,,,,,,33,13,77.6,0.0109,0.0312,0.192,15,8.8,3,11,2,0.94,49,3,48,2,0.98,50,2,22,3,0.9,47.5,4.5,43,3,0.96,49,3,18,11,0.64,33,19,13,1,0.96,50,2,13,18,0.38,21,31,1,2,0,17.5,34.5,5,0.11117,0.01036
erdosrenyi51,erdosrenyi,,51,197,,,,,,,,,,,,,,34,10,43.3,0.00952,0.0251,0.133,6,7.4,4,8,5,0.74,39.5,12.5,35,15,0.72,37,15,14,11,0.5,26,26,36,10,0.8,41,11,9,20,0.24,16,36,7,7,0.64,34,18,3,28,0.04,4,48,2,1,0.68,43,9,0.5,2.68434,33.65005
erdosrenyi51,erdosrenyi,,51,197,,,,,,,,,,,,,,34,10,43.3,0.00952,0.0251,0.133,6,7.4,4,8,5,0.74,39.5,12.5,35,15,0.72,37,15,14,11,0.5,26,26,36,10,0.8,41,11,9,20,0.24,16,36,7,7,0.64,34,18,3,28,0.04,4,48,2,1,0.68,43,9,1,0.70654,0.18562
erdosrenyi51,erdosrenyi,,51,197,,,,,,,,,,,,,,34,10,43.3,0.00952,0.0251,0.133,6,7.4,4,8,5,0.74,39.5,12.5,35,15,0.72,37,15,14,11,0.5,26,26,36,10,0.8,41,11,9,20,0.24,16,36,7,7,0.64,34,18,3,28,0.04,4,48,2,1,0.68,43,9,5,0.12805,0.01541
erdosrenyi51,erdosrenyi,,51,197,,,,,,,,,,,,,,35,13,87,0.0109,0.0316,0.141,11,7.7,3,11,2,0.94,49,3,49,1,1,51,1,22,3,0.9,47.5,4.5,44,2,0.98,50,2,10,19,0.38,20,32,11,3,0.88,46,6,4,27,0.1,7,45,1,2,0,17.5,34.5,0.5,1.82618,10.03848
erdosrenyi51,erdosrenyi,,51,197,,,,,,,,,,,,,,35,13,87,0.0109,0.0316,0.141,11,7.7,3,11,2,0.94,49,3,49,1,1,51,1,22,3,0.9,47.5,4.5,44,2,0.98,50,2,10,19,0.38,20,32,11,3,0.88,46,6,4,27,0.1,7,45,1,2,0,17.5,34.5,1,0.6507,0.31046
erdosrenyi51,erdosrenyi,,51,197,,,,,,,,,,,,,,35,13,87,0.0109,0.0316,0.141,11,7.7,3,11,2,0.94,49,3,49,1,1,51,1,22,3,0.9,47.5,4.5,44,2,0.98,50,2,10,19,0.38,20,32,11,3,0.88,46,6,4,27,0.1,7,45,1,2,0,17.5,34.5,5,0.1179,0.01075
erdosrenyi51,erdosrenyi,,51,197,,,,,,,,,,,,,,36,7,20.4,0.00971,0.018,0.19,4,10.1,4,5,8,0.36,22.5,29.5,24,26,0.5,26,26,15,10,0.52,28,24,19,27,0.44,23,29,17,12,0.62,32,20,5,9,0.44,26,26,24,7,0.86,44.5,7.5,2,1,0.68,43,9,0.5,3.02165,43.1735
erdosrenyi51,erdosrenyi,,51,197,,,,,,,,,,,,,,36,7,20.4,0.00971,0.018,0.19,4,10.1,4,5,8,0.36,22.5,29.5,24,26,0.5,26,26,15,10,0.52,28,24,19,27,0.44,23,29,17,12,0.62,32,20,5,9,0.44,26,26,24,7,0.86,44.5,7.5,2,1,0.68,43,9,1,0.83925,1.42328
erdosrenyi51,erdosrenyi,,51,197,,,,,,,,,,,,,,36,7,20.4,0.00971,0.018,0.19,4,10.1,4,5,8,0.36,22.5,29.5,24,26,0.5,26,26,15,10,0.52,28,24,19,27,0.44,23,29,17,12,0.62,32,20,5,9,0.44,26,26,24,7,0.86,44.5,7.5,2,1,0.68,43,9,5,0.13273,0.01184
erdosrenyi51,erdosrenyi,,51,197,,,,,,,,,,,,,,37,10,53.6,0.0103,0.0246,0.156,7,9.3,3,8,5,0.74,39.5,12.5,42,8,0.86,44,8,20,5,0.8,41.5,10.5,34,12,0.76,39,13,13,16,0.52,27,25,8,6,0.7,37,15,18,13,0.64,33,19,1,2,0,17.5,34.5,0.5,2.10118,18.37995
erdosrenyi51,erdosrenyi,,51,197,,,,,,,,,,,,,,37,10,53.6,0.0103,0.0246,0.156,7,9.3,3,8,5,0.74,39.5,12.5,42,8,0.86,44,8,20,5,0.8,41.5,10.5,34,12,0.76,39,13,13,16,0.52,27,25,8,6,0.7,37,15,18,13,0.64,33,19,1,2,0,17.5,34.5,1,0.72552,0.90691
erdosrenyi51,erdosrenyi,,51,197,,,,,,,,,,,,,,37,10,53.6,0.0103,0.0246,0.156,7,9.3,3,8,5,0.74,39.5,12.5,42,8,0.86,44,8,20,5,0.8,41.5,10.5,34,12,0.76,39,13,13,16,0.52,27,25,8,6,0.7,37,15,18,13,0.64,33,19,1,2,0,17.5,34.5,5,0.12226,0.01162
erdosrenyi51,erdosrenyi,,51,197,,,,,,,,,,,,,,38,6,13.4,0.00877,0.0161,0.133,2,7.7,4,4,9,0.22,15,37,15,35,0.28,15,37,7,18,0.18,10.5,41.5,13,33,0.3,16,36,9,20,0.24,16,36,3,11,0.18,14,38,4,27,0.1,7,45,2,1,0.68,43,9,0.5,3.47854,64.80413
erdosrenyi51,erdosrenyi,,51,197,,,,,,,,,,,,,,38,6,13.4,0.00877,0.0161,0.133,2,7.7,4,4,9,0.22,15,37,15,35,0.28,15,37,7,18,0.18,10.5,41.5,13,33,0.3,16,36,9,20,0.24,16,36,3,11,0.18,14,38,4,27,0.1,7,45,2,1,0.68,43,9,1,1.46559,30.57249
erdosrenyi51,erdosrenyi,,51,197,,,,,,,,,,,,,,38,6,13.4,0.00877,0.0161,0.133,2,7.7,4,4,9,0.22,15,37,15,35,0.28,15,37,7,18,0.18,10.5,41.5,13,33,0.3,16,36,9,20,0.24,16,36,3,11,0.18,14,38,4,27,0.1,7,45,2,1,0.68,43,9,5,0.14798,0.02038
erdosrenyi51,erdosrenyi,,51,197,,,,,,,,,,,,,,39,11,39.1,0.0098,0.0266,0.145,8,7.9,3,9,4,0.82,42.5,9.5,33,17,0.68,35,17,16,9,0.58,31.5,20.5,38,8,0.84,43,9,12,17,0.5,26,26,9,5,0.76,41,11,6,25,0.18,10.5,41.5,1,2,0,17.5,34.5,0.5,2.16506,35.57579
erdosrenyi51,erdosrenyi,,51,197,,,,,,,,,,,,,,39,11,39.1,0.0098,0.0266,0.145,8,7.9,3,9,4,0.82,42.5,9.5,33,17,0.68,35,17,16,9,0.58,31.5,20.5,38,8,0.84,43,9,12,17,0.5,26,26,9,5,0.76,41,11,6,25,0.18,10.5,41.5,1,2,0,17.5,34.5,1,0.6852,0.29904
erdosrenyi51,erdosrenyi,,51,197,,,,,,,,,,,,,,39,11,39.1,0.0098,0.0266,0.145,8,7.9,3,9,4,0.82,42.5,9.5,33,17,0.68,35,17,16,9,0.58,31.5,20.5,38,8,0.84,43,9,12,17,0.5,26,26,9,5,0.76,41,11,6,25,0.18,10.5,41.5,1,2,0,17.5,34.5,5,0.12559,0.01715
erdosrenyi51,erdosrenyi,,51,197,,,,,,,,,,,,,,40,6,55.8,0.00917,0.0183,0.133,2,8.5,3,4,9,0.22,15,37,43,7,0.88,45,7,10,15,0.3,17,35,21,25,0.48,25,27,9,20,0.24,16,36,3,11,0.18,14,38,10,21,0.28,15.5,36.5,1,2,0,17.5,34.5,0.5,5.12464,194.77108
erdosrenyi51,erdosrenyi,,51,197,,,,,,,,,,,,,,40,6,55.8,0.00917,0.0183,0.133,2,8.5,3,4,9,0.22,15,37,43,7,0.88,45,7,10,15,0.3,17,35,21,25,0.48,25,27,9,20,0.24,16,36,3,11,0.18,14,38,10,21,0.28,15.5,36.5,1,2,0,17.5,34.5,1,1.49777,62.93193
erdosrenyi51,erdosrenyi,,51,197,,,,,,,,,,,,,,40,6,55.8,0.00917,0.0183,0.133,2,8.5,3,4,9,0.22,15,37,43,7,0.88,45,7,10,15,0.3,17,35,21,25,0.48,25,27,9,20,0.24,16,36,3,11,0.18,14,38,10,21,0.28,15.5,36.5,1,2,0,17.5,34.5,5,0.15309,0.02306
erdosrenyi51,erdosrenyi,,51,197,,,,,,,,,,,,,,41,8,40.9,0.01,0.0206,0.143,4,8.9,3,6,7,0.52,30,22,34,16,0.7,36,16,18,7,0.7,37,15,28,18,0.64,33,19,11,18,0.4,23,29,5,9,0.44,26,26,14,17,0.44,24,28,1,2,0,17.5,34.5,0.5,3.0251,44.87846
erdosrenyi51,erdosrenyi,,51,197,,,,,,,,,,,,,,41,8,40.9,0.01,0.0206,0.143,4,8.9,3,6,7,0.52,30,22,34,16,0.7,36,16,18,7,0.7,37,15,28,18,0.64,33,19,11,18,0.4,23,29,5,9,0.44,26,26,14,17,0.44,24,28,1,2,0,17.5,34.5,1,0.89269,6.48167
erdosrenyi51,erdosrenyi,,51,197,,,,,,,,,,,,,,41,8,40.9,0.01,0.0206,0.143,4,8.9,3,6,7,0.52,30,22,34,16,0.7,36,16,18,7,0.7,37,15,28,18,0.64,33,19,11,18,0.4,23,29,5,9,0.44,26,26,14,17,0.44,24,28,1,2,0,17.5,34.5,5,0.13164,0.01162
erdosrenyi51,erdosrenyi,,51,197,,,,,,,,,,,,,,42,8,20.1,0.00943,0.02,0.286,8,8.9,3,6,7,0.52,30,22,23,27,0.48,25,27,13,12,0.44,24,28,25,21,0.58,30,22,26,3,0.88,45,7,9,5,0.76,41,11,14,17,0.44,24,28,1,2,0,17.5,34.5,0.5,2.06753,10.79391
erdosrenyi51,erdosrenyi,,51,197,,,,,,,,,,,,,,42,8,20.1,0.00943,0.02,0.286,8,8.9,3,6,7,0.52,30,22,23,27,0.48,25,27,13,12,0.44,24,28,25,21,0.58,30,22,26,3,0.88,45,7,9,5,0.76,41,11,14,17,0.44,24,28,1,2,0,17.5,34.5,1,0.76516,0.47471
erdosrenyi51,erdosrenyi,,51,197,,,,,,,,,,,,,,42,8,20.1,0.00943,0.02,0.286,8,8.9,3,6,7,0.52,30,22,23,27,0.48,25,27,13,12,0.44,24,28,25,21,0.58,30,22,26,3,0.88,45,7,9,5,0.76,41,11,14,17,0.44,24,28,1,2,0,17.5,34.5,5,0.12837,0.01204
erdosrenyi51,erdosrenyi,,51,197,,,,,,,,,,,,,,43,7,14.2,0.01,0.0175,0.238,5,10.9,3,5,8,0.36,22.5,29.5,17,33,0.32,17,35,18,7,0.7,37,15,16,30,0.36,19.5,32.5,22,7,0.76,40,12,6,8,0.58,31,21,28,3,0.96,49,3,1,2,0,17.5,34.5,0.5,3.50101,91.87852
erdosrenyi51,erdosrenyi,,51,197,,,,,,,,,,,,,,43,7,14.2,0.01,0.0175,0.238,5,10.9,3,5,8,0.36,22.5,29.5,17,33,0.32,17,35,18,7,0.7,37,15,16,30,0.36,19.5,32.5,22,7,0.76,40,12,6,8,0.58,31,21,28,3,0.96,49,3,1,2,0,17.5,34.5,1,1.2369,29.38248
erdosrenyi51,erdosrenyi,,51,197,,,,,,,,,,,,,,43,7,14.2,0.01,0.0175,0.238,5,10.9,3,5,8,0.36,22.5,29.5,17,33,0.32,17,35,18,7,0.7,37,15,16,30,0.36,19.5,32.5,22,7,0.76,40,12,6,8,0.58,31,21,28,3,0.96,49,3,1,2,0,17.5,34.5,5,0.12889,0.01203
erdosrenyi51,erdosrenyi,,51,197,,,,,,,,,,,,,,44,7,12.5,0.00935,0.0175,0.238,5,10.1,3,5,8,0.36,22.5,29.5,14,36,0.26,14,38,12,13,0.4,21.5,30.5,16,30,0.36,19.5,32.5,22,7,0.76,40,12,6,8,0.58,31,21,24,7,0.86,44.5,7.5,1,2,0,17.5,34.5,0.5,2.80959,30.77127
erdosrenyi51,erdosrenyi,,51,197,,,,,,,,,,,,,,44,7,12.5,0.00935,0.0175,0.238,5,10.1,3,5,8,0.36,22.5,29.5,14,36,0.26,14,38,12,13,0.4,21.5,30.5,16,30,0.36,19.5,32.5,22,7,0.76,40,12,6,8,0.58,31,21,24,7,0.86,44.5,7.5,1,2,0,17.5,34.5,1,0.75169,0.40402
erdosrenyi51,erdosrenyi,,51,197,,,,,,,,,,,,,,44,7,12.5,0.00935,0.0175,0.238,5,10.1,3,5,8,0.36,22.5,29.5,14,36,0.26,14,38,12,13,0.4,21.5,30.5,16,30,0.36,19.5,32.5,22,7,0.76,40,12,6,8,0.58,31,21,24,7,0.86,44.5,7.5,1,2,0,17.5,34.5,5,0.13653,0.01186
erdosrenyi51,erdosrenyi,,51,197,,,,,,,,,,,,,,45,7,8.9,0.00926,0.0174,0.333,7,10.4,3,5,8,0.36,22.5,29.5,8,42,0.14,8,44,11,14,0.36,19.5,32.5,15,31,0.34,18,34,27,2,0.9,47.5,4.5,8,6,0.7,37,15,26,5,0.92,47,5,1,2,0,17.5,34.5,0.5,3.50857,87.00882
erdosrenyi51,erdosrenyi,,51,197,,,,,,,,,,,,,,45,7,8.9,0.00926,0.0174,0.333,7,10.4,3,5,8,0.36,22.5,29.5,8,42,0.14,8,44,11,14,0.36,19.5,32.5,15,31,0.34,18,34,27,2,0.9,47.5,4.5,8,6,0.7,37,15,26,5,0.92,47,5,1,2,0,17.5,34.5,1,0.97566,8.73015
erdosrenyi51,erdosrenyi,,51,197,,,,,,,,,,,,,,45,7,8.9,0.00926,0.0174,0.333,7,10.4,3,5,8,0.36,22.5,29.5,8,42,0.14,8,44,11,14,0.36,19.5,32.5,15,31,0.34,18,34,27,2,0.9,47.5,4.5,8,6,0.7,37,15,26,5,0.92,47,5,1,2,0,17.5,34.5,5,0.13372,0.0127
erdosrenyi51,erdosrenyi,,51,197,,,,,,,,,,,,,,46,8,28.6,0.0101,0.0202,0.143,4,9.2,3,6,7,0.52,30,22,31,19,0.64,33,19,19,6,0.76,39.5,12.5,26,20,0.6,31,21,11,18,0.4,23,29,5,9,0.44,26,26,17,14,0.54,30,22,1,2,0,17.5,34.5,0.5,2.46722,30.60498
erdosrenyi51,erdosrenyi,,51,197,,,,,,,,,,,,,,46,8,28.6,0.0101,0.0202,0.143,4,9.2,3,6,7,0.52,30,22,31,19,0.64,33,19,19,6,0.76,39.5,12.5,26,20,0.6,31,21,11,18,0.4,23,29,5,9,0.44,26,26,17,14,0.54,30,22,1,2,0,17.5,34.5,1,0.80668,0.92477
erdosrenyi51,erdosrenyi,,51,197,,,,,,,,,,,,,,46,8,28.6,0.0101,0.0202,0.143,4,9.2,3,6,7,0.52,30,22,31,19,0.64,33,19,19,6,0.76,39.5,12.5,26,20,0.6,31,21,11,18,0.4,23,29,5,9,0.44,26,26,17,14,0.54,30,22,1,2,0,17.5,34.5,5,0.13132,0.01162
erdosrenyi51,erdosrenyi,,51,197,,,,,,,,,,,,,,47,12,63.6,0.0105,0.0288,0.121,8,8.5,3,10,3,0.86,45.5,6.5,44,6,0.9,46,6,21,4,0.84,44,8,40,6,0.9,46,6,8,21,0.2,11.5,40.5,9,5,0.76,41,11,10,21,0.28,15.5,36.5,1,2,0,17.5,34.5,0.5,2.00293,43.61177
erdosrenyi51,erdosrenyi,,51,197,,,,,,,,,,,,,,47,12,63.6,0.0105,0.0288,0.121,8,8.5,3,10,3,0.86,45.5,6.5,44,6,0.9,46,6,21,4,0.84,44,8,40,6,0.9,46,6,8,21,0.2,11.5,40.5,9,5,0.76,41,11,10,21,0.28,15.5,36.5,1,2,0,17.5,34.5,1,0.656,0.27236
erdosrenyi51,erdosrenyi,,51,197,,,,,,,,,,,,,,47,12,63.6,0.0105,0.0288,0.121,8,8.5,3,10,3,0.86,45.5,6.5,44,6,0.9,46,6,21,4,0.84,44,8,40,6,0.9,46,6,8,21,0.2,11.5,40.5,9,5,0.76,41,11,10,21,0.28,15.5,36.5,1,2,0,17.5,34.5,5,0.11818,0.0113
erdosrenyi51,erdosrenyi,,51,197,,,,,,,,,,,,,,48,7,16.7,0.00935,0.0178,0.143,3,9,3,5,8,0.36,22.5,29.5,19,31,0.4,21,31,12,13,0.4,21.5,30.5,18,28,0.42,22,30,11,18,0.4,23,29,4,10,0.36,20.5,31.5,15,16,0.5,26,26,1,2,0,17.5,34.5,0.5,3.649,114.02802
erdosrenyi51,erdosrenyi,,51,197,,,,,,,,,,,,,,48,7,16.7,0.00935,0.0178,0.143,3,9,3,5,8,0.36,22.5,29.5,19,31,0.4,21,31,12,13,0.4,21.5,30.5,18,28,0.42,22,30,11,18,0.4,23,29,4,10,0.36,20.5,31.5,15,16,0.5,26,26,1,2,0,17.5,34.5,1,1.17286,16.72185
erdosrenyi51,erdosrenyi,,51,197,,,,,,,,,,,,,,48,7,16.7,0.00935,0.0178,0.143,3,9,3,5,8,0.36,22.5,29.5,19,31,0.4,21,31,12,13,0.4,21.5,30.5,18,28,0.42,22,30,11,18,0.4,23,29,4,10,0.36,20.5,31.5,15,16,0.5,26,26,1,2,0,17.5,34.5,5,0.13587,0.01177
erdosrenyi51,erdosrenyi,,51,197,,,,,,,,,,,,,,49,6,11.6,0.00943,0.0153,0.2,3,11,4,4,9,0.22,15,37,13,37,0.24,13,39,13,12,0.44,24,28,10,36,0.22,12,40,19,10,0.66,35,17,4,10,0.36,20.5,31.5,29,2,0.98,50,2,2,1,0.68,43,9,0.5,4.30843,163.23137
erdosrenyi51,erdosrenyi,,51,197,,,,,,,,,,,,,,49,6,11.6,0.00943,0.0153,0.2,3,11,4,4,9,0.22,15,37,13,37,0.24,13,39,13,12,0.44,24,28,10,36,0.22,12,40,19,10,0.66,35,17,4,10,0.36,20.5,31.5,29,2,0.98,50,2,2,1,0.68,43,9,1,1.37403,44.72984
erdosrenyi51,erdosrenyi,,51,197,,,,,,,,,,,,,,49,6,11.6,0.00943,0.0153,0.2,3,11,4,4,9,0.22,15,37,13,37,0.24,13,39,13,12,0.44,24,28,10,36,0.22,12,40,19,10,0.66,35,17,4,10,0.36,20.5,31.5,29,2,0.98,50,2,2,1,0.68,43,9,5,0.1416,0.01195
erdosrenyi51,erdosrenyi,,51,197,,,,,,,,,,,,,,50,5,11.3,0.0087,0.014,0.2,2,8.2,3,3,10,0.12,9,43,12,38,0.22,12,40,6,19,0.14,8.5,43.5,9,37,0.18,10.5,41.5,19,10,0.66,35,17,3,11,0.18,14,38,8,23,0.24,13,39,1,2,0,17.5,34.5,0.5,5.87781,208.2969
erdosrenyi51,erdosrenyi,,51,197,,,,,,,,,,,,,,50,5,11.3,0.0087,0.014,0.2,2,8.2,3,3,10,0.12,9,43,12,38,0.22,12,40,6,19,0.14,8.5,43.5,9,37,0.18,10.5,41.5,19,10,0.66,35,17,3,11,0.18,14,38,8,23,0.24,13,39,1,2,0,17.5,34.5,1,1.72806,27.75213
erdosrenyi51,erdosrenyi,,51,197,,,,,,,,,,,,,,50,5,11.3,0.0087,0.014,0.2,2,8.2,3,3,10,0.12,9,43,12,38,0.22,12,40,6,19,0.14,8.5,43.5,9,37,0.18,10.5,41.5,19,10,0.66,35,17,3,11,0.18,14,38,8,23,0.24,13,39,1,2,0,17.5,34.5,5,0.16159,0.01492
